event_id,commence_time,home_team,away_team,spread_home,spread_away,total,ml_home,ml_away,n_books
b0998b3474fea9dee080784b8da01048,2026-10-02T00:00:00Z,New Mexico State Aggies,Western Kentucky Hilltoppers,-1.71,1.71,53.42,-127.5,106.14,18
3c64f3dd8efd756a90f09303e5517006,2026-10-02T01:00:00Z,Tulsa Golden Hurricane,North Texas Mean Green,-2.26,2.26,56.92,-130.29,107.86,18
a39f3695781e9b2f76011e921d63b124,2026-10-02T23:00:00Z,Delaware Blue Hens,Liberty Flames,7.18,-7.18,48.53,226.31,-282.31,17
e61c74f0e28b46ad83270a6234b425f4,2026-10-02T23:00:00Z,Virginia Tech Hokies,Pittsburgh Panthers,-3.71,3.71,52.58,-184.21,150.43,18
0469a451e58ca81723a7760d4bede173,2026-10-03T00:00:00Z,Northwestern Wildcats,Penn State Nittany Lions,2.56,-2.56,44.56,114.14,-138.14,18
4fcb5b7ec04cad7acc5d048bdd24be4c,2026-10-03T16:00:00Z,Air Force Falcons,Navy Midshipmen,-2.59,2.59,46.83,-144.29,119.14,18
6b22daf46195be6b3748584efe89dac1,2026-10-03T16:00:00Z,Mississippi State Bulldogs,Alabama Crimson Tide,6.06,-6.06,58.61,178.85,-219.77,18
36357c80707ce0c3a645afe495b28bbd,2026-10-03T16:00:00Z,SMU Mustangs,Boston College Eagles,-20.65,20.65,57.31,-1831.43,908.07,18
932c7f6dfe06be77192fe000e9f3ac9d,2026-10-03T16:00:00Z,Clemson Tigers,Miami Hurricanes,16.92,-16.92,49.25,605.0,-968.07,18
11c2108f1d7c8fb56c8a6c7fcd9b62bf,2026-10-03T16:00:00Z,Houston Cougars,UCF Knights,-11.53,11.53,50.5,-489.64,359.64,18
7bdd5ae18979fa3af61625a21d757987,2026-10-03T16:00:00Z,Iowa State Cyclones,West Virginia Mountaineers,-2.38,2.38,51.92,-145.07,119.64,18
38e6b42c07f8da2e57e0b4dd09d6174c,2026-10-03T16:00:00Z,Kansas Jayhawks,Middle Tennessee Blue Raiders,-19.67,19.67,49.46,-1425.33,795.33,13
a2f01448219e39fd44e3d98ea5c7f482,2026-10-03T16:00:00Z,Minnesota Golden Gophers,Michigan Wolverines,5.74,-5.74,44.58,188.0,-232.5,18
2b8db5053d533b488c0d76f49382d219,2026-10-03T16:00:00Z,North Carolina Tar Heels,Notre Dame Fighting Irish,21.32,-21.32,47.28,1186.25,-2900.92,18
8ef32c906348e926ca0fabcc25635c11,2026-10-03T16:00:00Z,Wake Forest Demon Deacons,Stanford Cardinal,-13.0,13.0,54.64,-562.86,403.0,18
94769faaa7a5aba0474291fc9c2d3d6d,2026-10-03T16:00:00Z,UConn Huskies,Syracuse Orange,5.59,-5.59,51.19,177.79,-220.14,18
575f5abb1af3a81091ac5a1cf1f5f927,2026-10-03T16:30:00Z,Wisconsin Badgers,Michigan State Spartans,-10.06,10.06,43.19,-415.86,316.0,18
46e1be6476ed577d1b5194b46b27c643,2026-10-03T16:45:00Z,Georgia Bulldogs,Vanderbilt Commodores,-24.38,24.38,51.03,-5574.08,1459.0,18
031ad65ec032d459cda2cee30378e4a4,2026-10-03T17:00:00Z,Buffalo Bulls,Western Michigan Broncos,14.26,-14.26,46.89,514.86,-787.14,18
c3437a49d4efdbca5669e7edfb5af569,2026-10-03T18:00:00Z,Ball State Cardinals,Toledo Rockets,19.5,-19.5,51.72,815.86,-1467.79,18
afbc95d529430ef9797b428b2a9db1ab,2026-10-03T19:30:00Z,Central Michigan Chippewas,Akron Zips,-5.89,5.89,45.97,-224.21,181.0,18
f2defdeeb6cb3aa4a86b01a7a5b1ece4,2026-10-03T19:30:00Z,Tennessee Volunteers,Auburn Tigers,-7.06,7.06,53.78,-278.93,221.93,18
766a0470521ac4a0fad476df45c1438b,2026-10-03T19:30:00Z,Miami (OH) RedHawks,Bowling Green Falcons,-14.5,14.5,44.88,-712.78,488.0,13
f28938b05f7d4b4187e879917f6e583a,2026-10-03T19:30:00Z,UNLV Rebels,California Golden Bears,-2.24,2.24,52.53,-128.71,106.57,18
9b2bcb758c7d7f4cb25d5102e4e9068e,2026-10-03T19:30:00Z,Charlotte 49ers,Memphis Tigers,20.5,-20.5,53.31,795.33,-1401.44,13
7e0abfe1077b7d41d61b918ef53d247b,2026-10-03T19:30:00Z,UMass Minutemen,Eastern Michigan Eagles,-4.91,4.91,49.19,-192.0,156.85,18
6d39ea01c532535edf756b8086656518,2026-10-03T19:30:00Z,Missouri Tigers,Florida Gators,4.74,-4.74,55.42,168.14,-205.43,18
296c3e1c69d11f640690b6f9bd37d424,2026-10-03T19:30:00Z,Florida State Seminoles,Virginia Cavaliers,2.82,-2.82,50.53,123.0,-148.86,18
e4f058459f5ee64f3cff3ac1aed79e64,2026-10-03T19:30:00Z,Georgia State Panthers,Old Dominion Monarchs,0.74,-0.74,49.92,-109.71,-110.64,18
b163da8a283ade5bd6428a3ca01da8b8,2026-10-03T19:30:00Z,Iowa Hawkeyes,Ohio State Buckeyes,13.62,-13.62,45.72,447.07,-644.93,18
c1c548c80e674e3a37dcc2551beba599,2026-10-03T19:30:00Z,Kent State Golden Flashes,Ohio Bobcats,4.0,-4.0,49.78,157.14,-190.79,18
a77fd3143159a9d16a75685528d9960b,2026-10-03T19:30:00Z,NC State Wolfpack,Louisville Cardinals,5.82,-5.82,59.06,181.0,-225.93,18
b36c1d83299d019b7833660a29e9da9c,2026-10-03T19:30:00Z,North Dakota State Bison,Wyoming Cowboys,-19.56,19.56,44.81,-1711.57,876.57,18
7e365956ef23823565a044a5af18736a,2026-10-03T19:45:00Z,James Madison Dukes,Marshall Thundering Herd,-17.97,17.97,53.78,-1063.71,646.0,18
0e62429ed73f84f87f603d376477749c,2026-10-03T20:00:00Z,Nebraska Cornhuskers,Maryland Terrapins,-14.59,14.59,51.61,-676.43,464.71,18
e7e3e3bfc3fd7fca7550ecf48cb78666,2026-10-03T20:00:00Z,New Mexico Lobos,UTEP Miners,-22.56,22.56,47.78,-3334.43,1189.79,18
0cdf52fe0d6bfe0664b76a2102f8b605,2026-10-03T20:15:00Z,Illinois Fighting Illini,Purdue Boilermakers,-9.91,9.91,59.31,-381.36,292.71,18
59abc1d6262d2ea6a72c4daad4c83af2,2026-10-03T20:15:00Z,South Carolina Gamecocks,Kentucky Wildcats,-2.88,2.88,52.97,-150.21,124.86,18
b30387175520051e2889230030365494,2026-10-03T22:00:00Z,Colorado State Rams,Oregon State Beavers,4.53,-4.53,59.75,163.43,-200.5,18
ff98b80b07e2f42c76c2c255e6611247,2026-10-03T23:00:00Z,Texas A&M Aggies,Arkansas Razorbacks,-14.18,14.18,51.58,-650.5,456.29,18
b58c0d24e66471e6095c0a5f9afb7ce3,2026-10-03T23:00:00Z,TCU Horned Frogs,BYU Cougars,6.38,-6.38,48.09,192.0,-237.5,17
5efdb3515c882453d9abcd27db28f78b,2026-10-03T23:00:00Z,Coastal Carolina Chanticleers,Georgia Southern Eagles,2.1,-2.1,52.76,105.38,-128.0,17
279230b2d38c4e97187c3f065501a4cf,2026-10-03T23:00:00Z,Rice Owls,UTSA Roadrunners,10.65,-10.65,53.61,326.93,-437.0,18
4c84a699496b71ee1e626e3c7f5689c9,2026-10-03T23:00:00Z,South Alabama Jaguars,UL Monroe Warhawks,-14.06,14.06,54.78,-702.5,476.64,18
6246661a676eeaa850a3e36e311fce63,2026-10-03T23:30:00Z,Louisiana Tech Bulldogs,Army Black Knights,3.5,-3.5,46.64,142.7,-171.7,14
a2f7df0b000c054abd3cbc6f4a4b2432,2026-10-03T23:30:00Z,Boise State Broncos,Utah State Aggies,-20.41,20.41,50.17,-2022.29,948.36,18
253e389201e449a2984a194e3eebf7f8,2026-10-03T23:30:00Z,Colorado Buffaloes,Texas Tech Red Raiders,13.71,-13.71,50.28,420.29,-593.5,18
6338f8a71aba32414791add2d358472d,2026-10-03T23:30:00Z,South Florida Bulls,Temple Owls,-5.5,5.5,50.78,-217.86,176.93,18
f981648dba0e71d8517d47d31aa2633d,2026-10-03T23:30:00Z,USC Trojans,Washington Huskies,-9.71,9.71,55.33,-379.29,291.64,18
1d3756ab74c013c39510958b5a632b74,2026-10-04T00:00:00Z,Louisiana Ragin Cajuns,Arkansas State Red Wolves,-6.65,6.65,45.86,-259.9,209.9,14
9dcccf34095cde7b0fe36250bb5be6f6,2026-10-04T00:00:00Z,Rutgers Scarlet Knights,Indiana Hoosiers,23.68,-23.68,54.56,1159.77,-3165.77,18
23025b717a93bdd8f30424e90a97d68f,2026-10-04T01:30:00Z,Washington State Cougars,Fresno State Bulldogs,-0.24,0.24,45.81,-113.29,-93.14,18
4ec93b02d04c2a019ebd6f4ccd9f7af5,2026-10-04T02:30:00Z,Arizona State Sun Devils,Baylor Bears,-3.76,3.76,49.94,-184.93,151.43,18
f73081099f845f23ea7f41ef09128cdd,2026-10-04T02:30:00Z,San Diego State Aztecs,Texas State Bobcats,3.59,-3.59,58.33,144.79,-176.79,18
63dded0ee467d6f6d03c41673569238d,2026-10-04T03:00:00Z,Arizona Wildcats,Cincinnati Bearcats,-7.32,7.32,54.53,-296.64,235.21,18
4d9e59b57798afb31927c84e1f6dc25e,2026-10-04T03:59:00Z,Hawaii Rainbow Warriors,San Jose State Spartans,-2.94,2.94,50.86,-152.64,125.86,18
