Player Name,Position,Team,Slate Type,Date,Role,Salary,Draftable ID,Projected FP,Combined FP,Value,Implied FP,Passing TDs,Rushing Yards,Receiving Yards,Passing Yards,Rush+Rec Yards,Anytime TD,Passing Attempts,Fantasy Score,Headshot URL,Game Start Time,Match Title (Underdog),Game Short Title (Underdog),Venue Name (Underdog),Venue Type (Underdog),Broadcasts (Underdog),Game Start Time (DRAFTTABLE)
Noah Fifita,CPT,ARIZ,Showdown Captain Mode,10/3/2026,Showdown Captain Mode Showdown Captain Mode 10/3 11:00PM (CINCY @ ARIZ),16500,44354209,20.52,26.32,1.24,49.5,,,,,,,,,,,,,,,,10/3/2026
Micah Alejado,CPT,HAW,Showdown Captain Mode,10/4/2026,Showdown Captain Mode Showdown Captain Mode 10/4 12:00AM (SJSU @ HAW),14400,44354353,21.67,25.98,1.51,43.2,,,,,,,,,,,,,,,,10/4/2026
Brad Jackson,QB,TXST,Late Night,10/3/2026,"Late Night Late Night 10/3 10:30PM, 4 Games",8100,44338191,24.09,24.13,2.97,24.3,,,,,,,,,,,,,,,,10/3/2026
Luke Weaver,CPT,SJSU,Showdown Captain Mode,10/4/2026,Showdown Captain Mode Showdown Captain Mode 10/4 12:00AM (SJSU @ HAW),14100,44354354,19.23,23.84,1.36,42.3,,,,,,,,,,,,,,,,10/4/2026
Micah Alejado,QB,HAW,Showdown Captain Mode,10/4/2026,Showdown Captain Mode Showdown Captain Mode 10/4 12:00AM (SJSU @ HAW),9600,44354282,21.67,23.1,2.26,28.8,,,,,,,,,,,,,,,,10/4/2026
Noah Fifita,QB,ARIZ,Showdown Captain Mode,10/3/2026,Showdown Captain Mode Showdown Captain Mode 10/3 11:00PM (CINCY @ ARIZ),11000,44354136,20.52,23.02,1.87,33,,,,,,,,,,,,,,,,10/3/2026
DeVon Rice,CPT,HAW,Showdown Captain Mode,10/4/2026,Showdown Captain Mode Showdown Captain Mode 10/4 12:00AM (SJSU @ HAW),12600,44354356,18.03,21.98,1.43,37.8,,,,,,,,,,,,,,,,10/4/2026
Micah Alejado,QB,HAW,Late Night,10/4/2026,"Late Night Late Night 10/3 10:30PM, 4 Games",7100,44337905,21.67,21.6,3.05,21.3,,,,,,,,,,,,,,,,10/4/2026
Noah Fifita,QB,ARIZ,Late Night,10/3/2026,"Late Night Late Night 10/3 10:30PM, 4 Games",8400,44337628,20.52,21.46,2.44,25.2,,,,,,,,,,,,,,,,10/3/2026
JC French IV,CPT,CINCY,Showdown Captain Mode,10/3/2026,Showdown Captain Mode Showdown Captain Mode 10/3 11:00PM (CINCY @ ARIZ),14400,44354211,15.73,21.22,1.09,43.2,,,,,,,,,,,,,,,,10/3/2026
Luke Weaver,QB,SJSU,Showdown Captain Mode,10/4/2026,Showdown Captain Mode Showdown Captain Mode 10/4 12:00AM (SJSU @ HAW),9400,44354283,19.23,21.02,2.05,28.2,,,,,,,,,,,,,,,,10/4/2026
Omarion Miller,WR,ASU,Late Night,10/3/2026,"Late Night Late Night 10/3 10:30PM, 4 Games",6000,44337778,21.49,20.79,3.58,18,,,,,,,,,,,,,,,,10/3/2026
Carson Clark,CPT,SJSU,Showdown Captain Mode,10/4/2026,Showdown Captain Mode Showdown Captain Mode 10/4 12:00AM (SJSU @ HAW),12900,44354355,16.02,20.56,1.24,38.7,,,,,,,,,,,,,,,,10/4/2026
Reed Harris,WR,ASU,Late Night,10/3/2026,"Late Night Late Night 10/3 10:30PM, 4 Games",7100,44337775,20.1,20.34,2.83,21.3,,,,,,,,,,,,,,,,10/3/2026
Pofele Ashlock,CPT,HAW,Showdown Captain Mode,10/4/2026,Showdown Captain Mode Showdown Captain Mode 10/4 12:00AM (SJSU @ HAW),11700,44354359,16.13,19.92,1.38,35.1,,,,,,,,,,,,,,,,10/4/2026
Gavin Freeman,WR,BAY,Late Night,10/3/2026,"Late Night Late Night 10/3 10:30PM, 4 Games",6200,44337857,19.85,19.6,3.2,18.6,,,,,,,,,,,,,,,,10/3/2026
Tre Spivey,CPT,ARIZ,Showdown Captain Mode,10/3/2026,Showdown Captain Mode Showdown Captain Mode 10/3 11:00PM (CINCY @ ARIZ),13200,44354212,14.54,19.55,1.1,39.6,,,,,,,,,,,,,,,,10/3/2026
Luke Weaver,QB,SJSU,Late Night,10/4/2026,"Late Night Late Night 10/3 10:30PM, 4 Games",6900,44337537,19.23,19.52,2.79,20.7,,,,,,,,,,,,,,,,10/4/2026
DeVon Rice,RB,HAW,Showdown Captain Mode,10/4/2026,Showdown Captain Mode Showdown Captain Mode 10/4 12:00AM (SJSU @ HAW),8400,44354285,18.03,19.46,2.15,25.2,,,,,,,,,,,,,,,,10/4/2026
DJ Lagway,QB,BAY,Late Night,10/3/2026,"Late Night Late Night 10/3 10:30PM, 4 Games",6700,44337814,18.93,19.17,2.83,20.1,,,,,,,,,,,,,,,,10/3/2026
Tama Uiliata,CPT,HAW,Showdown Captain Mode,10/4/2026,Showdown Captain Mode Showdown Captain Mode 10/4 12:00AM (SJSU @ HAW),9900,44354363,16.12,18.83,1.63,29.7,,,,,,,,,,,,,,,,10/4/2026
Jabari Bates,CPT,SJSU,Showdown Captain Mode,10/4/2026,Showdown Captain Mode Showdown Captain Mode 10/4 12:00AM (SJSU @ HAW),10800,44354361,14.99,18.47,1.39,32.4,,,,,,,,,,,,,,,,10/4/2026
DeVon Rice,RB,HAW,Late Night,10/4/2026,"Late Night Late Night 10/3 10:30PM, 4 Games",6600,44337913,18.03,18.38,2.73,19.8,,,,,,,,,,,,,,,,10/4/2026
Cooper Hoch,CPT,SJSU,Showdown Captain Mode,10/4/2026,Showdown Captain Mode Showdown Captain Mode 10/4 12:00AM (SJSU @ HAW),12300,44354357,13.72,18.36,1.12,36.9,,,,,,,,,,,,,,,,10/4/2026
JC French IV,QB,CINCY,Showdown Captain Mode,10/3/2026,Showdown Captain Mode Showdown Captain Mode 10/3 11:00PM (CINCY @ ARIZ),9600,44354138,15.73,18.34,1.64,28.8,,,,,,,,,,,,,,,,10/3/2026
JV Gibson,CPT,CINCY,Showdown Captain Mode,10/3/2026,Showdown Captain Mode Showdown Captain Mode 10/3 11:00PM (CINCY @ ARIZ),11400,44354215,14.35,18.32,1.26,34.2,,,,,,,,,,,,,,,,10/3/2026
Carson Clark,WR,SJSU,Showdown Captain Mode,10/4/2026,Showdown Captain Mode Showdown Captain Mode 10/4 12:00AM (SJSU @ HAW),8600,44354284,16.02,17.98,1.86,25.8,,,,,,,,,,,,,,,,10/4/2026
Torrance Burgess Jr.,RB,TXST,Late Night,10/3/2026,"Late Night Late Night 10/3 10:30PM, 4 Games",5300,44338201,18.36,17.87,3.46,15.9,,,,,,,,,,,,,,,,10/3/2026
Pofele Ashlock,WR,HAW,Showdown Captain Mode,10/4/2026,Showdown Captain Mode Showdown Captain Mode 10/4 12:00AM (SJSU @ HAW),7800,44354288,16.13,17.58,2.07,23.4,,,,,,,,,,,,,,,,10/4/2026
Cutter Boley,QB,ASU,Late Night,10/3/2026,"Late Night Late Night 10/3 10:30PM, 4 Games",7400,44337725,16.42,17.57,2.22,22.2,,,,,,,,,,,,,,,,10/3/2026
Gi'Bran Payne,CPT,CINCY,Showdown Captain Mode,10/3/2026,Showdown Captain Mode Showdown Captain Mode 10/3 11:00PM (CINCY @ ARIZ),10500,44354217,13.82,17.36,1.32,31.5,,,,,,,,,,,,,,,,10/3/2026
Tre Spivey,WR,ARIZ,Showdown Captain Mode,10/3/2026,Showdown Captain Mode Showdown Captain Mode 10/3 11:00PM (CINCY @ ARIZ),8800,44354139,14.54,16.91,1.65,26.4,,,,,,,,,,,,,,,,10/3/2026
Giovanni Richardson,CPT,ARIZ,Showdown Captain Mode,10/3/2026,Showdown Captain Mode Showdown Captain Mode 10/3 11:00PM (CINCY @ ARIZ),11100,44354216,12.81,16.91,1.15,33.3,,,,,,,,,,,,,,,,10/3/2026
Carson Clark,WR,SJSU,Late Night,10/4/2026,"Late Night Late Night 10/3 10:30PM, 4 Games",6800,44337583,16.02,16.9,2.36,20.4,,,,,,,,,,,,,,,,10/4/2026
Tama Uiliata,WR,HAW,Showdown Captain Mode,10/4/2026,Showdown Captain Mode Showdown Captain Mode 10/4 12:00AM (SJSU @ HAW),6600,44354292,16.12,16.85,2.44,19.8,,,,,,,,,,,,,,,,10/4/2026
Lucky Sutton,RB,SDSU,Late Night,10/3/2026,"Late Night Late Night 10/3 10:30PM, 4 Games",6400,44338011,16.17,16.78,2.53,19.2,,,,,,,,,,,,,,,,10/3/2026
Pofele Ashlock,WR,HAW,Late Night,10/4/2026,"Late Night Late Night 10/3 10:30PM, 4 Games",6400,44337952,16.13,16.74,2.52,19.2,,,,,,,,,,,,,,,,10/4/2026
JC French IV,QB,CINCY,Late Night,10/3/2026,"Late Night Late Night 10/3 10:30PM, 4 Games",6400,44338092,15.73,16.42,2.46,19.2,,,,,,,,,,,,,,,,10/3/2026
Jabari Bates,RB,SJSU,Showdown Captain Mode,10/4/2026,Showdown Captain Mode Showdown Captain Mode 10/4 12:00AM (SJSU @ HAW),7200,44354290,14.99,16.31,2.08,21.6,,,,,,,,,,,,,,,,10/4/2026
Tama Uiliata,WR,HAW,Late Night,10/4/2026,"Late Night Late Night 10/3 10:30PM, 4 Games",5600,44337955,16.12,16.25,2.88,16.8,,,,,,,,,,,,,,,,10/4/2026
Jayden Denegal,QB,SDSU,Late Night,10/3/2026,"Late Night Late Night 10/3 10:30PM, 4 Games",6000,44338003,15.61,16.09,2.6,18,,,,,,,,,,,,,,,,10/3/2026
JV Gibson,WR,CINCY,Showdown Captain Mode,10/3/2026,Showdown Captain Mode Showdown Captain Mode 10/3 11:00PM (CINCY @ ARIZ),7600,44354142,14.35,16.04,1.89,22.8,,,,,,,,,,,,,,,,10/3/2026
Cooper Hoch,WR,SJSU,Showdown Captain Mode,10/4/2026,Showdown Captain Mode Showdown Captain Mode 10/4 12:00AM (SJSU @ HAW),8200,44354286,13.72,15.9,1.67,24.6,,,,,,,,,,,,,,,,10/4/2026
Davian Jackson,RB,TXST,Late Night,10/3/2026,"Late Night Late Night 10/3 10:30PM, 4 Games",5000,44338204,16.06,15.85,3.21,15,,,,,,,,,,,,,,,,10/3/2026
Jabari Bates,RB,SJSU,Late Night,10/4/2026,"Late Night Late Night 10/3 10:30PM, 4 Games",6000,44337547,14.99,15.59,2.5,18,,,,,,,,,,,,,,,,10/4/2026
Gi'Bran Payne,RB,CINCY,Showdown Captain Mode,10/3/2026,Showdown Captain Mode Showdown Captain Mode 10/3 11:00PM (CINCY @ ARIZ),7000,44354144,13.82,15.26,1.97,21,,,,,,,,,,,,,,,,10/3/2026
Kyson Brown,RB,ASU,Late Night,10/3/2026,"Late Night Late Night 10/3 10:30PM, 4 Games",5800,44337733,14.64,15.19,2.52,17.4,,,,,,,,,,,,,,,,10/3/2026
Tre Spivey,WR,ARIZ,Late Night,10/3/2026,"Late Night Late Night 10/3 10:30PM, 4 Games",5900,44337686,14.54,15.17,2.46,17.7,,,,,,,,,,,,,,,,10/3/2026
Kainoa Carvalho,CPT,HAW,Showdown Captain Mode,10/4/2026,Showdown Captain Mode Showdown Captain Mode 10/4 12:00AM (SJSU @ HAW),8100,44354373,12.78,15.08,1.58,24.3,,,,,,,,,,,,,,,,10/4/2026
Cooper Hoch,WR,SJSU,Late Night,10/4/2026,"Late Night Late Night 10/3 10:30PM, 4 Games",6700,44337586,13.72,15,2.05,20.1,,,,,,,,,,,,,,,,10/4/2026
Jerry McClure,CPT,SJSU,Showdown Captain Mode,10/4/2026,Showdown Captain Mode Showdown Captain Mode 10/4 12:00AM (SJSU @ HAW),9300,44354364,11.76,14.99,1.26,27.9,,,,,,,,,,,,,,,,10/4/2026
Dawson Pendergrass,RB,BAY,Late Night,10/3/2026,"Late Night Late Night 10/3 10:30PM, 4 Games",6100,44337824,13.91,14.79,2.28,18.3,,,,,,,,,,,,,,,,10/3/2026
JV Gibson,WR,CINCY,Late Night,10/3/2026,"Late Night Late Night 10/3 10:30PM, 4 Games",5400,44338143,14.35,14.72,2.66,16.2,,,,,,,,,,,,,,,,10/3/2026
Giovanni Richardson,WR,ARIZ,Showdown Captain Mode,10/3/2026,Showdown Captain Mode Showdown Captain Mode 10/3 11:00PM (CINCY @ ARIZ),7400,44354143,12.81,14.69,1.73,22.2,,,,,,,,,,,,,,,,10/3/2026
Chris Dawn Jr.,WR,TXST,Late Night,10/3/2026,"Late Night Late Night 10/3 10:30PM, 4 Games",5000,44338243,14.51,14.61,2.9,15,,,,,,,,,,,,,,,,10/3/2026
Cole Tabb,CPT,CINCY,Showdown Captain Mode,10/3/2026,Showdown Captain Mode Showdown Captain Mode 10/3 11:00PM (CINCY @ ARIZ),9600,44354219,10.5,14.16,1.09,28.8,,,,,,,,,,,,,,,,10/3/2026
Kedrick Reescano,CPT,ARIZ,Showdown Captain Mode,10/3/2026,Showdown Captain Mode Showdown Captain Mode 10/3 11:00PM (CINCY @ ARIZ),12000,44354214,8.67,14.14,0.72,36,,,,,,,,,,,,,,,,10/3/2026
Gi'Bran Payne,RB,CINCY,Late Night,10/3/2026,"Late Night Late Night 10/3 10:30PM, 4 Games",5100,44338104,13.82,14.12,2.71,15.3,,,,,,,,,,,,,,,,10/3/2026
Kainoa Carvalho,WR,HAW,Showdown Captain Mode,10/4/2026,Showdown Captain Mode Showdown Captain Mode 10/4 12:00AM (SJSU @ HAW),5400,44354302,12.78,13.46,2.37,16.2,,,,,,,,,,,,,,,,10/4/2026
Giovanni Richardson,WR,ARIZ,Late Night,10/3/2026,"Late Night Late Night 10/3 10:30PM, 4 Games",5300,44337689,12.81,13.43,2.42,15.9,,,,,,,,,,,,,,,,10/3/2026
Audric Harris,CPT,HAW,Showdown Captain Mode,10/4/2026,Showdown Captain Mode Showdown Captain Mode 10/4 12:00AM (SJSU @ HAW),8400,44354372,10.29,13.28,1.23,25.2,,,,,,,,,,,,,,,,10/4/2026
Jerry McClure,WR,SJSU,Showdown Captain Mode,10/4/2026,Showdown Captain Mode Showdown Captain Mode 10/4 12:00AM (SJSU @ HAW),6200,44354293,11.76,13.13,1.9,18.6,,,,,,,,,,,,,,,,10/4/2026
Kainoa Carvalho,WR,HAW,Late Night,10/4/2026,"Late Night Late Night 10/3 10:30PM, 4 Games",4300,44337958,12.78,12.8,2.97,12.9,,,,,,,,,,,,,,,,10/4/2026
Isaiah Johnson,CPT,CINCY,Showdown Captain Mode,10/3/2026,Showdown Captain Mode Showdown Captain Mode 10/3 11:00PM (CINCY @ ARIZ),7800,44354230,10.05,12.72,1.29,23.4,,,,,,,,,,,,,,,,10/3/2026
Chris Hunter,CPT,ARIZ,Showdown Captain Mode,10/3/2026,Showdown Captain Mode Showdown Captain Mode 10/3 11:00PM (CINCY @ ARIZ),9300,44354220,8.78,12.61,0.94,27.9,,,,,,,,,,,,,,,,10/3/2026
Jerry McClure,WR,SJSU,Late Night,10/4/2026,"Late Night Late Night 10/3 10:30PM, 4 Games",5200,44337589,11.76,12.53,2.26,15.6,,,,,,,,,,,,,,,,10/4/2026
Javion Kinnard,RB,SDSU,Late Night,10/3/2026,"Late Night Late Night 10/3 10:30PM, 4 Games",5700,44338014,11.33,12.49,1.99,17.1,,,,,,,,,,,,,,,,10/3/2026
Ismail Mahdi,CPT,ARIZ,Showdown Captain Mode,10/3/2026,Showdown Captain Mode Showdown Captain Mode 10/3 11:00PM (CINCY @ ARIZ),9900,44354218,8.06,12.39,0.81,29.7,,,,,,,,,,,,,,,,10/3/2026
Cole Tabb,RB,CINCY,Showdown Captain Mode,10/3/2026,Showdown Captain Mode Showdown Captain Mode 10/3 11:00PM (CINCY @ ARIZ),6400,44354146,10.5,12.24,1.64,19.2,,,,,,,,,,,,,,,,10/3/2026
Kedrick Reescano,RB,ARIZ,Showdown Captain Mode,10/3/2026,Showdown Captain Mode Showdown Captain Mode 10/3 11:00PM (CINCY @ ARIZ),8000,44354141,8.67,11.74,1.08,24,,,,,,,,,,,,,,,,10/3/2026
Audric Harris,WR,HAW,Showdown Captain Mode,10/4/2026,Showdown Captain Mode Showdown Captain Mode 10/4 12:00AM (SJSU @ HAW),5600,44354301,10.29,11.6,1.84,16.8,,,,,,,,,,,,,,,,10/4/2026
Cole Tabb,RB,CINCY,Late Night,10/3/2026,"Late Night Late Night 10/3 10:30PM, 4 Games",4800,44338107,10.5,11.28,2.19,14.4,,,,,,,,,,,,,,,,10/3/2026
Isaiah Johnson,WR,CINCY,Showdown Captain Mode,10/3/2026,Showdown Captain Mode Showdown Captain Mode 10/3 11:00PM (CINCY @ ARIZ),5200,44354157,10.05,11.16,1.93,15.6,,,,,,,,,,,,,,,,10/3/2026
Jadon Porter,WR,BAY,Late Night,10/3/2026,"Late Night Late Night 10/3 10:30PM, 4 Games",4900,44337863,9.96,10.91,2.03,14.7,,,,,,,,,,,,,,,,10/3/2026
Chris Hunter,WR,ARIZ,Showdown Captain Mode,10/3/2026,Showdown Captain Mode Showdown Captain Mode 10/3 11:00PM (CINCY @ ARIZ),6200,44354147,8.78,10.75,1.42,18.6,,,,,,,,,,,,,,,,10/3/2026
Audric Harris,WR,HAW,Late Night,10/4/2026,"Late Night Late Night 10/3 10:30PM, 4 Games",4000,44337964,10.29,10.64,2.57,12,,,,,,,,,,,,,,,,10/4/2026
Beau Sparks,WR,TXST,Late Night,10/3/2026,"Late Night Late Night 10/3 10:30PM, 4 Games",5700,44338240,8.99,10.61,1.58,17.1,,,,,,,,,,,,,,,,10/3/2026
Isaiah Johnson,WR,CINCY,Late Night,10/3/2026,"Late Night Late Night 10/3 10:30PM, 4 Games",4200,44338146,10.05,10.56,2.39,12.6,,,,,,,,,,,,,,,,10/3/2026
Ismail Mahdi,RB,ARIZ,Showdown Captain Mode,10/3/2026,Showdown Captain Mode Showdown Captain Mode 10/3 11:00PM (CINCY @ ARIZ),6600,44354145,8.06,10.41,1.22,19.8,,,,,,,,,,,,,,,,10/3/2026
Kedrick Reescano,RB,ARIZ,Late Night,10/3/2026,"Late Night Late Night 10/3 10:30PM, 4 Games",5600,44337638,8.67,10.3,1.55,16.8,,,,,,,,,,,,,,,,10/3/2026
Caden Knighten,RB,BAY,Late Night,10/3/2026,"Late Night Late Night 10/3 10:30PM, 4 Games",5500,44337827,8.72,10.28,1.59,16.5,,,,,,,,,,,,,,,,10/3/2026
Chris Hunter,WR,ARIZ,Late Night,10/3/2026,"Late Night Late Night 10/3 10:30PM, 4 Games",4800,44337692,8.78,9.91,1.83,14.4,,,,,,,,,,,,,,,,10/3/2026
Jayden McGowan,WR,BAY,Late Night,10/3/2026,"Late Night Late Night 10/3 10:30PM, 4 Games",5100,44337866,8.3,9.7,1.63,15.3,,,,,,,,,,,,,,,,10/3/2026
Nathan Acevedo,WR,SDSU,Late Night,10/3/2026,"Late Night Late Night 10/3 10:30PM, 4 Games",4700,44338047,8.52,9.64,1.81,14.1,,,,,,,,,,,,,,,,10/3/2026
Josiah Lucas,RB,SDSU,Late Night,10/3/2026,"Late Night Late Night 10/3 10:30PM, 4 Games",4100,44338020,8.98,9.64,2.19,12.3,,,,,,,,,,,,,,,,10/3/2026
Quincy Craig,CPT,ARIZ,Showdown Captain Mode,10/3/2026,Showdown Captain Mode Showdown Captain Mode 10/3 11:00PM (CINCY @ ARIZ),8700,44354228,5.43,9.57,0.62,26.1,,,,,,,,,,,,,,,,10/3/2026
DJ Jordan,WR,ARIZ,Late Night,10/3/2026,"Late Night Late Night 10/3 10:30PM, 4 Games",3000,44337710,9.56,9.45,3.19,9,,,,,,,,,,,,,,,,10/3/2026
Sawyer Anderson,CPT,ARIZ,Showdown Captain Mode,10/3/2026,Showdown Captain Mode Showdown Captain Mode 10/3 11:00PM (CINCY @ ARIZ),15000,44354210,0.52,9.42,0.03,45,,,,,,,,,,,,,,,,10/3/2026
Ismail Mahdi,RB,ARIZ,Late Night,10/3/2026,"Late Night Late Night 10/3 10:30PM, 4 Games",4900,44337641,8.06,9.39,1.65,14.7,,,,,,,,,,,,,,,,10/3/2026
Louis Brown IV,WR,BAY,Late Night,10/3/2026,"Late Night Late Night 10/3 10:30PM, 4 Games",4400,44337860,7.85,8.92,1.78,13.2,,,,,,,,,,,,,,,,10/3/2026
Anthony Ivey,CPT,SJSU,Showdown Captain Mode,10/4/2026,Showdown Captain Mode Showdown Captain Mode 10/4 12:00AM (SJSU @ HAW),5400,44354382,7.04,8.87,1.3,16.2,,,,,,,,,,,,,,,,10/4/2026
Demarius Robinson,RB,ASU,Late Night,10/3/2026,"Late Night Late Night 10/3 10:30PM, 4 Games",4000,44337748,8.05,8.84,2.01,12,,,,,,,,,,,,,,,,10/3/2026
DJ Jordan,CPT,ARIZ,Showdown Captain Mode,10/3/2026,Showdown Captain Mode Showdown Captain Mode 10/3 11:00PM (CINCY @ ARIZ),1500,44354269,9.56,8.55,6.38,4.5,,,,,,,,,,,,,,,,10/3/2026
DJ Jordan,WR,ARIZ,Showdown Captain Mode,10/3/2026,Showdown Captain Mode Showdown Captain Mode 10/3 11:00PM (CINCY @ ARIZ),1000,44354196,9.56,8.25,9.56,3,,,,,,,,,,,,,,,,10/3/2026
Donovan Brown,WR,SDSU,Late Night,10/3/2026,"Late Night Late Night 10/3 10:30PM, 4 Games",4200,44338044,7.15,8.24,1.7,12.6,,,,,,,,,,,,,,,,10/3/2026
Sitani Mikaele,CPT,HAW,Showdown Captain Mode,10/4/2026,Showdown Captain Mode Showdown Captain Mode 10/4 12:00AM (SJSU @ HAW),8700,44354371,3.5,8.02,0.4,26.1,,,,,,,,,,,,,,,,10/4/2026
Cole Rusk,WR,ARIZ,Late Night,10/3/2026,"Late Night Late Night 10/3 10:30PM, 4 Games",3500,44337662,7.37,8,2.11,10.5,,,,,,,,,,,,,,,,10/3/2026
Cole Rusk,CPT,ARIZ,Showdown Captain Mode,10/3/2026,Showdown Captain Mode Showdown Captain Mode 10/3 11:00PM (CINCY @ ARIZ),3300,44354244,7.37,7.88,2.23,9.9,,,,,,,,,,,,,,,,10/3/2026
Isaiah Mizell,CPT,ARIZ,Showdown Captain Mode,10/3/2026,Showdown Captain Mode Showdown Captain Mode 10/3 11:00PM (CINCY @ ARIZ),6300,44354236,5.11,7.87,0.81,18.9,,,,,,,,,,,,,,,,10/3/2026
Anthony Ivey,WR,SJSU,Late Night,10/4/2026,"Late Night Late Night 10/3 10:30PM, 4 Games",3700,44337595,7.04,7.85,1.9,11.1,,,,,,,,,,,,,,,,10/4/2026
Quincy Craig,RB,ARIZ,Showdown Captain Mode,10/3/2026,Showdown Captain Mode Showdown Captain Mode 10/3 11:00PM (CINCY @ ARIZ),5800,44354155,5.43,7.83,0.94,17.4,,,,,,,,,,,,,,,,10/3/2026
Anthony Ivey,WR,SJSU,Showdown Captain Mode,10/4/2026,Showdown Captain Mode Showdown Captain Mode 10/4 12:00AM (SJSU @ HAW),3600,44354311,7.04,7.79,1.95,10.8,,,,,,,,,,,,,,,,10/4/2026
Samaj Jones,CPT,CINCY,Showdown Captain Mode,10/3/2026,Showdown Captain Mode Showdown Captain Mode 10/3 11:00PM (CINCY @ ARIZ),12900,44354213,0,7.74,0,38.7,,,,,,,,,,,,,,,,10/3/2026
Bjorn Jurgensen,CPT,HAW,Showdown Captain Mode,10/4/2026,Showdown Captain Mode Showdown Captain Mode 10/4 12:00AM (SJSU @ HAW),12000,44354358,0.45,7.56,0.04,36,,,,,,,,,,,,,,,,10/4/2026
Malachi Henry,CPT,CINCY,Showdown Captain Mode,10/3/2026,Showdown Captain Mode Showdown Captain Mode 10/3 11:00PM (CINCY @ ARIZ),5100,44354238,5.57,7.52,1.09,15.3,,,,,,,,,,,,,,,,10/3/2026
Jackson Ford,WR,SDSU,Late Night,10/3/2026,"Late Night Late Night 10/3 10:30PM, 4 Games",3500,44338023,6.71,7.47,1.92,10.5,,,,,,,,,,,,,,,,10/3/2026
Kylen Evans,WR,TXST,Late Night,10/3/2026,"Late Night Late Night 10/3 10:30PM, 4 Games",3900,44338246,6.35,7.42,1.63,11.7,,,,,,,,,,,,,,,,10/3/2026
Gavin Grover,CPT,CINCY,Showdown Captain Mode,10/3/2026,Showdown Captain Mode Showdown Captain Mode 10/3 11:00PM (CINCY @ ARIZ),4200,44354241,5.99,7.31,1.43,12.6,,,,,,,,,,,,,,,,10/3/2026
Rodney Gallagher III,CPT,ARIZ,Showdown Captain Mode,10/3/2026,Showdown Captain Mode Showdown Captain Mode 10/3 11:00PM (CINCY @ ARIZ),4800,44354239,5.43,7.22,1.13,14.4,,,,,,,,,,,,,,,,10/3/2026
Cole Rusk,WR,ARIZ,Showdown Captain Mode,10/3/2026,Showdown Captain Mode Showdown Captain Mode 10/3 11:00PM (CINCY @ ARIZ),2200,44354171,7.37,7.22,3.35,6.6,,,,,,,,,,,,,,,,10/3/2026
Quincy Craig,RB,ARIZ,Late Night,10/3/2026,"Late Night Late Night 10/3 10:30PM, 4 Games",4700,44337644,5.43,7.17,1.16,14.1,,,,,,,,,,,,,,,,10/3/2026
Gavin Grover,WR,CINCY,Late Night,10/3/2026,"Late Night Late Night 10/3 10:30PM, 4 Games",3700,44338122,5.99,7.01,1.62,11.1,,,,,,,,,,,,,,,,10/3/2026
Jordan Williams,WR,TXST,Late Night,10/3/2026,"Late Night Late Night 10/3 10:30PM, 4 Games",3000,44338231,6.45,6.96,2.15,9,,,,,,,,,,,,,,,,10/3/2026
Devin Alves,CPT,HAW,Showdown Captain Mode,10/4/2026,Showdown Captain Mode Showdown Captain Mode 10/4 12:00AM (SJSU @ HAW),6000,44354381,4.06,6.85,0.68,18,,,,,,,,,,,,,,,,10/4/2026
Robert McDaniel,CPT,SJSU,Showdown Captain Mode,10/4/2026,Showdown Captain Mode Showdown Captain Mode 10/4 12:00AM (SJSU @ HAW),11400,44354360,0,6.84,0,34.2,,,,,,,,,,,,,,,,10/4/2026
Malachi Henry,WR,CINCY,Late Night,10/3/2026,"Late Night Late Night 10/3 10:30PM, 4 Games",3900,44338152,5.57,6.8,1.43,11.7,,,,,,,,,,,,,,,,10/3/2026
Malachi Riley,WR,SJSU,Late Night,10/4/2026,"Late Night Late Night 10/3 10:30PM, 4 Games",3100,44337601,6.01,6.67,1.94,9.3,,,,,,,,,,,,,,,,10/4/2026
Dre'lon Miller,WR,BAY,Late Night,10/3/2026,"Late Night Late Night 10/3 10:30PM, 4 Games",3300,44337875,5.82,6.63,1.76,9.9,,,,,,,,,,,,,,,,10/3/2026
Rodney Gallagher III,WR,ARIZ,Late Night,10/3/2026,"Late Night Late Night 10/3 10:30PM, 4 Games",3800,44337695,5.43,6.62,1.43,11.4,,,,,,,,,,,,,,,,10/3/2026
Isaiah Mizell,WR,ARIZ,Showdown Captain Mode,10/3/2026,Showdown Captain Mode Showdown Captain Mode 10/3 11:00PM (CINCY @ ARIZ),4200,44354163,5.11,6.61,1.22,12.6,,,,,,,,,,,,,,,,10/3/2026
Blaze Kamoku,CPT,HAW,Showdown Captain Mode,10/4/2026,Showdown Captain Mode Showdown Captain Mode 10/4 12:00AM (SJSU @ HAW),3900,44354385,5.32,6.59,1.36,11.7,,,,,,,,,,,,,,,,10/4/2026
Jordan Anderson,CPT,SJSU,Showdown Captain Mode,10/4/2026,Showdown Captain Mode Showdown Captain Mode 10/4 12:00AM (SJSU @ HAW),4800,44354383,4.59,6.55,0.96,14.4,,,,,,,,,,,,,,,,10/4/2026
Isaiah Mizell,WR,ARIZ,Late Night,10/3/2026,"Late Night Late Night 10/3 10:30PM, 4 Games",4100,44337698,5.11,6.55,1.25,12.3,,,,,,,,,,,,,,,,10/3/2026
Zechariah Sample,WR,TXST,Late Night,10/3/2026,"Late Night Late Night 10/3 10:30PM, 4 Games",4000,44338249,5.18,6.54,1.29,12,,,,,,,,,,,,,,,,10/3/2026
Jacob Bostick,WR,SDSU,Late Night,10/3/2026,"Late Night Late Night 10/3 10:30PM, 4 Games",3600,44338062,5.47,6.54,1.52,10.8,,,,,,,,,,,,,,,,10/3/2026
Brandon Phelps,CPT,ARIZ,Showdown Captain Mode,10/3/2026,Showdown Captain Mode Showdown Captain Mode 10/3 11:00PM (CINCY @ ARIZ),3600,44354243,5.47,6.54,1.52,10.8,,,,,,,,,,,,,,,,10/3/2026
Malachi Henry,WR,CINCY,Showdown Captain Mode,10/3/2026,Showdown Captain Mode Showdown Captain Mode 10/3 11:00PM (CINCY @ ARIZ),3400,44354165,5.57,6.5,1.64,10.2,,,,,,,,,,,,,,,,10/3/2026
Brandon Phelps,WR,ARIZ,Late Night,10/3/2026,"Late Night Late Night 10/3 10:30PM, 4 Games",3500,44337701,5.47,6.48,1.56,10.5,,,,,,,,,,,,,,,,10/3/2026
Gavin Grover,WR,CINCY,Showdown Captain Mode,10/3/2026,Showdown Captain Mode Showdown Captain Mode 10/3 11:00PM (CINCY @ ARIZ),2800,44354168,5.99,6.47,2.14,8.4,,,,,,,,,,,,,,,,10/3/2026
Sawyer Anderson,QB,ARIZ,Showdown Captain Mode,10/3/2026,Showdown Captain Mode Showdown Captain Mode 10/3 11:00PM (CINCY @ ARIZ),10000,44354137,0.52,6.42,0.05,30,,,,,,,,,,,,,,,,10/3/2026
Marquis Gillis,RB,ASU,Late Night,10/3/2026,"Late Night Late Night 10/3 10:30PM, 4 Games",5400,44337736,3.96,6.41,0.73,16.2,,,,,,,,,,,,,,,,10/3/2026
Viliami Teu,CPT,SJSU,Showdown Captain Mode,10/4/2026,Showdown Captain Mode Showdown Captain Mode 10/4 12:00AM (SJSU @ HAW),6600,44354380,2.94,6.31,0.45,19.8,,,,,,,,,,,,,,,,10/4/2026
Cam Barfield,CPT,HAW,Showdown Captain Mode,10/4/2026,Showdown Captain Mode Showdown Captain Mode 10/4 12:00AM (SJSU @ HAW),10500,44354362,0,6.3,0,31.5,,,,,,,,,,,,,,,,10/4/2026
Sitani Mikaele,RB,HAW,Showdown Captain Mode,10/4/2026,Showdown Captain Mode Showdown Captain Mode 10/4 12:00AM (SJSU @ HAW),5800,44354300,3.5,6.28,0.6,17.4,,,,,,,,,,,,,,,,10/4/2026
Rodney Gallagher III,WR,ARIZ,Showdown Captain Mode,10/3/2026,Showdown Captain Mode Showdown Captain Mode 10/3 11:00PM (CINCY @ ARIZ),3200,44354166,5.43,6.26,1.7,9.6,,,,,,,,,,,,,,,,10/3/2026
Blaze Kamoku,WR,HAW,Late Night,10/4/2026,"Late Night Late Night 10/3 10:30PM, 4 Games",3300,44337967,5.32,6.23,1.61,9.9,,,,,,,,,,,,,,,,10/4/2026
Antwan Roberts,CPT,ARIZ,Showdown Captain Mode,10/3/2026,Showdown Captain Mode Showdown Captain Mode 10/3 11:00PM (CINCY @ ARIZ),8100,44354229,1.55,6.1,0.19,24.3,,,,,,,,,,,,,,,,10/3/2026
Liam O'Brien,CPT,CINCY,Showdown Captain Mode,10/3/2026,Showdown Captain Mode Showdown Captain Mode 10/3 11:00PM (CINCY @ ARIZ),9000,44354226,0.65,5.92,0.07,27,,,,,,,,,,,,,,,,10/3/2026
Daniel Rolovich,CPT,SJSU,Showdown Captain Mode,10/4/2026,Showdown Captain Mode Showdown Captain Mode 10/4 12:00AM (SJSU @ HAW),9000,44354366,0.62,5.9,0.07,27,,,,,,,,,,,,,,,,10/4/2026
Malachi Riley,CPT,SJSU,Showdown Captain Mode,10/4/2026,Showdown Captain Mode Showdown Captain Mode 10/4 12:00AM (SJSU @ HAW),1800,44354390,6.01,5.89,3.34,5.4,,,,,,,,,,,,,,,,10/4/2026
Brandon Phelps,WR,ARIZ,Showdown Captain Mode,10/3/2026,Showdown Captain Mode Showdown Captain Mode 10/3 11:00PM (CINCY @ ARIZ),2400,44354170,5.47,5.82,2.28,7.2,,,,,,,,,,,,,,,,10/3/2026
Jaylen Jenkins,RB,TXST,Late Night,10/3/2026,"Late Night Late Night 10/3 10:30PM, 4 Games",4400,44338207,3.97,5.81,0.9,13.2,,,,,,,,,,,,,,,,10/3/2026
Blaze Kamoku,WR,HAW,Showdown Captain Mode,10/4/2026,Showdown Captain Mode Showdown Captain Mode 10/4 12:00AM (SJSU @ HAW),2600,44354314,5.32,5.81,2.04,7.8,,,,,,,,,,,,,,,,10/4/2026
Devon Tauaefa,CPT,HAW,Showdown Captain Mode,10/4/2026,Showdown Captain Mode Showdown Captain Mode 10/4 12:00AM (SJSU @ HAW),4200,44354384,4.09,5.79,0.97,12.6,,,,,,,,,,,,,,,,10/4/2026
Jordan Anderson,WR,SJSU,Late Night,10/4/2026,"Late Night Late Night 10/3 10:30PM, 4 Games",3500,44337592,4.59,5.77,1.31,10.5,,,,,,,,,,,,,,,,10/4/2026
Bert Emanuel Jr.,WR,SDSU,Late Night,10/3/2026,"Late Night Late Night 10/3 10:30PM, 4 Games",4500,44338059,3.78,5.72,0.84,13.5,,,,,,,,,,,,,,,,10/3/2026
Devin Alves,WR,HAW,Showdown Captain Mode,10/4/2026,Showdown Captain Mode Showdown Captain Mode 10/4 12:00AM (SJSU @ HAW),4000,44354310,4.06,5.65,1.02,12,,,,,,,,,,,,,,,,10/4/2026
Zion Johnson,CPT,CINCY,Showdown Captain Mode,10/3/2026,Showdown Captain Mode Showdown Captain Mode 10/3 11:00PM (CINCY @ ARIZ),6600,44354235,2.08,5.62,0.31,19.8,,,,,,,,,,,,,,,,10/3/2026
Jordan Anderson,WR,SJSU,Showdown Captain Mode,10/4/2026,Showdown Captain Mode Showdown Captain Mode 10/4 12:00AM (SJSU @ HAW),3200,44354312,4.59,5.59,1.43,9.6,,,,,,,,,,,,,,,,10/4/2026
Sitani Mikaele,RB,HAW,Late Night,10/4/2026,"Late Night Late Night 10/3 10:30PM, 4 Games",4600,44337919,3.5,5.56,0.76,13.8,,,,,,,,,,,,,,,,10/4/2026
Isaiah Carlson,CPT,SJSU,Showdown Captain Mode,10/4/2026,Showdown Captain Mode Showdown Captain Mode 10/4 12:00AM (SJSU @ HAW),6900,44354379,1.75,5.54,0.25,20.7,,,,,,,,,,,,,,,,10/4/2026
Devin Alves,WR,HAW,Late Night,10/4/2026,"Late Night Late Night 10/3 10:30PM, 4 Games",3800,44337961,4.06,5.53,1.07,11.4,,,,,,,,,,,,,,,,10/4/2026
Malachi Riley,WR,SJSU,Showdown Captain Mode,10/4/2026,Showdown Captain Mode Showdown Captain Mode 10/4 12:00AM (SJSU @ HAW),1200,44354319,6.01,5.53,5.01,3.6,,,,,,,,,,,,,,,,10/4/2026
Ryan Wolfer,WR,SDSU,Late Night,10/3/2026,"Late Night Late Night 10/3 10:30PM, 4 Games",3200,44338026,4.38,5.42,1.37,9.6,,,,,,,,,,,,,,,,10/3/2026
Oscar Rios,CPT,ARIZ,Showdown Captain Mode,10/3/2026,Showdown Captain Mode Showdown Captain Mode 10/3 11:00PM (CINCY @ ARIZ),9000,44354221,0,5.4,0,27,,,,,,,,,,,,,,,,10/3/2026
Luke Haugo,CPT,ARIZ,Showdown Captain Mode,10/3/2026,Showdown Captain Mode Showdown Captain Mode 10/3 11:00PM (CINCY @ ARIZ),9000,44354222,0,5.4,0,27,,,,,,,,,,,,,,,,10/3/2026
Will Kocher,CPT,CINCY,Showdown Captain Mode,10/3/2026,Showdown Captain Mode Showdown Captain Mode 10/3 11:00PM (CINCY @ ARIZ),9000,44354223,0,5.4,0,27,,,,,,,,,,,,,,,,10/3/2026
Brooks Goodman,CPT,CINCY,Showdown Captain Mode,10/3/2026,Showdown Captain Mode Showdown Captain Mode 10/3 11:00PM (CINCY @ ARIZ),9000,44354224,0,5.4,0,27,,,,,,,,,,,,,,,,10/3/2026
JJ Miller,CPT,CINCY,Showdown Captain Mode,10/3/2026,Showdown Captain Mode Showdown Captain Mode 10/3 11:00PM (CINCY @ ARIZ),9000,44354225,0,5.4,0,27,,,,,,,,,,,,,,,,10/3/2026
Mason Bray,CPT,ARIZ,Showdown Captain Mode,10/3/2026,Showdown Captain Mode Showdown Captain Mode 10/3 11:00PM (CINCY @ ARIZ),9000,44354227,0,5.4,0,27,,,,,,,,,,,,,,,,10/3/2026
Isaac Jaramilla-Phe,CPT,HAW,Showdown Captain Mode,10/4/2026,Showdown Captain Mode Showdown Captain Mode 10/4 12:00AM (SJSU @ HAW),9000,44354365,0,5.4,0,27,,,,,,,,,,,,,,,,10/4/2026
Hudson Wyatt,CPT,SJSU,Showdown Captain Mode,10/4/2026,Showdown Captain Mode Showdown Captain Mode 10/4 12:00AM (SJSU @ HAW),9000,44354367,0,5.4,0,27,,,,,,,,,,,,,,,,10/4/2026
CJ Lee,CPT,SJSU,Showdown Captain Mode,10/4/2026,Showdown Captain Mode Showdown Captain Mode 10/4 12:00AM (SJSU @ HAW),9000,44354368,0,5.4,0,27,,,,,,,,,,,,,,,,10/4/2026
Hazyn Botelho,CPT,HAW,Showdown Captain Mode,10/4/2026,Showdown Captain Mode Showdown Captain Mode 10/4 12:00AM (SJSU @ HAW),9000,44354369,0,5.4,0,27,,,,,,,,,,,,,,,,10/4/2026
Tyler Jacklich,CPT,SJSU,Showdown Captain Mode,10/4/2026,Showdown Captain Mode Showdown Captain Mode 10/4 12:00AM (SJSU @ HAW),9000,44354370,0,5.4,0,27,,,,,,,,,,,,,,,,10/4/2026
Jaylon Hawkins,WR,SDSU,Late Night,10/3/2026,"Late Night Late Night 10/3 10:30PM, 4 Games",3700,44338053,3.97,5.4,1.07,11.1,,,,,,,,,,,,,,,,10/3/2026
Larenzo Fenner,CPT,CINCY,Showdown Captain Mode,10/3/2026,Showdown Captain Mode Showdown Captain Mode 10/3 11:00PM (CINCY @ ARIZ),4500,44354240,3.28,5.32,0.73,13.5,,,,,,,,,,,,,,,,10/3/2026
Devon Tauaefa,WR,HAW,Late Night,10/4/2026,"Late Night Late Night 10/3 10:30PM, 4 Games",3400,44337931,4.09,5.31,1.2,10.2,,,,,,,,,,,,,,,,10/4/2026
Gavin Parkhurst,QB,TXST,Late Night,10/3/2026,"Late Night Late Night 10/3 10:30PM, 4 Games",7600,44338193,0.91,5.29,0.12,22.8,,,,,,,,,,,,,,,,10/3/2026
Blake Smith,WR,TXST,Late Night,10/3/2026,"Late Night Late Night 10/3 10:30PM, 4 Games",3500,44338219,3.84,5.17,1.1,10.5,,,,,,,,,,,,,,,,10/3/2026
Samaj Jones,QB,CINCY,Showdown Captain Mode,10/3/2026,Showdown Captain Mode Showdown Captain Mode 10/3 11:00PM (CINCY @ ARIZ),8600,44354140,0,5.16,0,25.8,,,,,,,,,,,,,,,,10/3/2026
Bjorn Jurgensen,QB,HAW,Showdown Captain Mode,10/4/2026,Showdown Captain Mode Showdown Captain Mode 10/4 12:00AM (SJSU @ HAW),8000,44354287,0.45,5.16,0.06,24,,,,,,,,,,,,,,,,10/4/2026
Sawyer Anderson,QB,ARIZ,Late Night,10/3/2026,"Late Night Late Night 10/3 10:30PM, 4 Games",7900,44337630,0.52,5.16,0.07,23.7,,,,,,,,,,,,,,,,10/3/2026
Tucker Cusano,WR,TXST,Late Night,10/3/2026,"Late Night Late Night 10/3 10:30PM, 4 Games",3100,44338252,3.96,5.03,1.28,9.3,,,,,,,,,,,,,,,,10/3/2026
Viliami Teu,RB,SJSU,Showdown Captain Mode,10/4/2026,Showdown Captain Mode Showdown Captain Mode 10/4 12:00AM (SJSU @ HAW),4400,44354309,2.94,4.99,0.67,13.2,,,,,,,,,,,,,,,,10/4/2026
Devon Tauaefa,WR,HAW,Showdown Captain Mode,10/4/2026,Showdown Captain Mode Showdown Captain Mode 10/4 12:00AM (SJSU @ HAW),2800,44354313,4.09,4.95,1.46,8.4,,,,,,,,,,,,,,,,10/4/2026
Wesley Yarbrough,RB,ARIZ,Late Night,10/3/2026,"Late Night Late Night 10/3 10:30PM, 4 Games",4000,44337650,3.15,4.92,0.79,12,,,,,,,,,,,,,,,,10/3/2026
Viliami Teu,RB,SJSU,Late Night,10/4/2026,"Late Night Late Night 10/3 10:30PM, 4 Games",4200,44337553,2.94,4.87,0.7,12.6,,,,,,,,,,,,,,,,10/4/2026
Larenzo Fenner,WR,CINCY,Late Night,10/3/2026,"Late Night Late Night 10/3 10:30PM, 4 Games",3700,44338149,3.28,4.84,0.89,11.1,,,,,,,,,,,,,,,,10/3/2026
Carson Brown,WR,HAW,Late Night,10/4/2026,"Late Night Late Night 10/3 10:30PM, 4 Games",3200,44337970,3.63,4.83,1.14,9.6,,,,,,,,,,,,,,,,10/4/2026
Carson Brown,CPT,HAW,Showdown Captain Mode,10/4/2026,Showdown Captain Mode Showdown Captain Mode 10/4 12:00AM (SJSU @ HAW),3000,44354387,3.63,4.71,1.21,9,,,,,,,,,,,,,,,,10/4/2026
Hudson Borsari,CPT,HAW,Showdown Captain Mode,10/4/2026,Showdown Captain Mode Showdown Captain Mode 10/4 12:00AM (SJSU @ HAW),7800,44354374,0,4.68,0,23.4,,,,,,,,,,,,,,,,10/4/2026
Sean Olvera-Harle,CPT,HAW,Showdown Captain Mode,10/4/2026,Showdown Captain Mode Showdown Captain Mode 10/4 12:00AM (SJSU @ HAW),7800,44354375,0,4.68,0,23.4,,,,,,,,,,,,,,,,10/4/2026
Michael Turner,RB,BAY,Late Night,10/3/2026,"Late Night Late Night 10/3 10:30PM, 4 Games",4200,44337830,2.67,4.65,0.64,12.6,,,,,,,,,,,,,,,,10/3/2026
Hawkins Polley,WR,BAY,Late Night,10/3/2026,"Late Night Late Night 10/3 10:30PM, 4 Games",3300,44337842,3.29,4.61,1,9.9,,,,,,,,,,,,,,,,10/3/2026
Justius Lowe,WR,SDSU,Late Night,10/3/2026,"Late Night Late Night 10/3 10:30PM, 4 Games",3100,44338056,3.42,4.6,1.1,9.3,,,,,,,,,,,,,,,,10/3/2026
Robert McDaniel,QB,SJSU,Showdown Captain Mode,10/4/2026,Showdown Captain Mode Showdown Captain Mode 10/4 12:00AM (SJSU @ HAW),7600,44354289,0,4.56,0,22.8,,,,,,,,,,,,,,,,10/4/2026
Cade Wolford,WR,CINCY,Late Night,10/3/2026,"Late Night Late Night 10/3 10:30PM, 4 Games",3200,44338155,3.27,4.54,1.02,9.6,,,,,,,,,,,,,,,,10/3/2026
Jordan Napier,WR,SDSU,Late Night,10/3/2026,"Late Night Late Night 10/3 10:30PM, 4 Games",3300,44338050,3.17,4.52,0.96,9.9,,,,,,,,,,,,,,,,10/3/2026
Sullivan Moon,CPT,ARIZ,Showdown Captain Mode,10/3/2026,Showdown Captain Mode Showdown Captain Mode 10/3 11:00PM (CINCY @ ARIZ),7500,44354231,0,4.5,0,22.5,,,,,,,,,,,,,,,,10/3/2026
Michael Salgado-Medina,CPT,ARIZ,Showdown Captain Mode,10/3/2026,Showdown Captain Mode Showdown Captain Mode 10/3 11:00PM (CINCY @ ARIZ),7500,44354232,0,4.5,0,22.5,,,,,,,,,,,,,,,,10/3/2026
Joey Fernandez,CPT,SJSU,Showdown Captain Mode,10/4/2026,Showdown Captain Mode Showdown Captain Mode 10/4 12:00AM (SJSU @ HAW),7500,44354376,0,4.5,0,22.5,,,,,,,,,,,,,,,,10/4/2026
Trajan Sinatra,CPT,SJSU,Showdown Captain Mode,10/4/2026,Showdown Captain Mode Showdown Captain Mode 10/4 12:00AM (SJSU @ HAW),7500,44354377,0,4.5,0,22.5,,,,,,,,,,,,,,,,10/4/2026
Mathias Brown,CPT,SJSU,Showdown Captain Mode,10/4/2026,Showdown Captain Mode Showdown Captain Mode 10/4 12:00AM (SJSU @ HAW),7500,44354378,0,4.5,0,22.5,,,,,,,,,,,,,,,,10/4/2026
Zylan Perry,CPT,CINCY,Showdown Captain Mode,10/3/2026,Showdown Captain Mode Showdown Captain Mode 10/3 11:00PM (CINCY @ ARIZ),5400,44354237,1.57,4.5,0.29,16.2,,,,,,,,,,,,,,,,10/3/2026
Antwan Roberts,RB,ARIZ,Showdown Captain Mode,10/3/2026,Showdown Captain Mode Showdown Captain Mode 10/3 11:00PM (CINCY @ ARIZ),5400,44354156,1.55,4.48,0.29,16.2,,,,,,,,,,,,,,,,10/3/2026
Mikey Keene,QB,ASU,Late Night,10/3/2026,"Late Night Late Night 10/3 10:30PM, 4 Games",6900,44337727,0.38,4.45,0.06,20.7,,,,,,,,,,,,,,,,10/3/2026
Larenzo Fenner,WR,CINCY,Showdown Captain Mode,10/3/2026,Showdown Captain Mode Showdown Captain Mode 10/3 11:00PM (CINCY @ ARIZ),3000,44354167,3.28,4.42,1.09,9,,,,,,,,,,,,,,,,10/3/2026
Kamaehu Kopa-Kaawalauole,WR,SJSU,Late Night,10/4/2026,"Late Night Late Night 10/3 10:30PM, 4 Games",3100,44337568,3.18,4.4,1.02,9.3,,,,,,,,,,,,,,,,10/4/2026
Stephen Rusnak,CPT,CINCY,Showdown Captain Mode,10/3/2026,Showdown Captain Mode Showdown Captain Mode 10/3 11:00PM (CINCY @ ARIZ),7200,44354233,0,4.32,0,21.6,,,,,,,,,,,,,,,,10/3/2026
Max Lemasters,CPT,CINCY,Showdown Captain Mode,10/3/2026,Showdown Captain Mode Showdown Captain Mode 10/3 11:00PM (CINCY @ ARIZ),7200,44354234,0,4.32,0,21.6,,,,,,,,,,,,,,,,10/3/2026
Bjorn Jurgensen,QB,HAW,Late Night,10/4/2026,"Late Night Late Night 10/3 10:30PM, 4 Games",6600,44337907,0.45,4.32,0.07,19.8,,,,,,,,,,,,,,,,10/4/2026
Lyviel Waters,WR,CINCY,Late Night,10/3/2026,"Late Night Late Night 10/3 10:30PM, 4 Games",3200,44338128,3,4.32,0.94,9.6,,,,,,,,,,,,,,,,10/3/2026
Zion Johnson,RB,CINCY,Showdown Captain Mode,10/3/2026,Showdown Captain Mode Showdown Captain Mode 10/3 11:00PM (CINCY @ ARIZ),4400,44354162,2.08,4.3,0.47,13.2,,,,,,,,,,,,,,,,10/3/2026
Cam Barfield,RB,HAW,Showdown Captain Mode,10/4/2026,Showdown Captain Mode Showdown Captain Mode 10/4 12:00AM (SJSU @ HAW),7000,44354291,0,4.2,0,21,,,,,,,,,,,,,,,,10/4/2026
Tre' Griffiths,WR,HAW,Late Night,10/4/2026,"Late Night Late Night 10/3 10:30PM, 4 Games",3000,44337973,3,4.2,1,9,,,,,,,,,,,,,,,,10/4/2026
Diezel Kamoku,WR,HAW,Late Night,10/4/2026,"Late Night Late Night 10/3 10:30PM, 4 Games",3000,44337991,3,4.2,1,9,,,,,,,,,,,,,,,,10/4/2026
Devyn Zahursky,WR,CINCY,Late Night,10/3/2026,"Late Night Late Night 10/3 10:30PM, 4 Games",3000,44338131,3,4.2,1,9,,,,,,,,,,,,,,,,10/3/2026
Zion Johnson,RB,CINCY,Late Night,10/3/2026,"Late Night Late Night 10/3 10:30PM, 4 Games",4200,44338113,2.08,4.18,0.49,12.6,,,,,,,,,,,,,,,,10/3/2026
Nate Bennett,QB,BAY,Late Night,10/3/2026,"Late Night Late Night 10/3 10:30PM, 4 Games",6200,44337816,0.57,4.17,0.09,18.6,,,,,,,,,,,,,,,,10/3/2026
Isaiah Carlson,RB,SJSU,Showdown Captain Mode,10/4/2026,Showdown Captain Mode Showdown Captain Mode 10/4 12:00AM (SJSU @ HAW),4600,44354308,1.75,4.16,0.38,13.8,,,,,,,,,,,,,,,,10/4/2026
Liam O'Brien,QB,CINCY,Showdown Captain Mode,10/3/2026,Showdown Captain Mode Showdown Captain Mode 10/3 11:00PM (CINCY @ ARIZ),6000,44354153,0.65,4.12,0.11,18,,,,,,,,,,,,,,,,10/3/2026
Carson Brown,WR,HAW,Showdown Captain Mode,10/4/2026,Showdown Captain Mode Showdown Captain Mode 10/4 12:00AM (SJSU @ HAW),2000,44354316,3.63,4.11,1.82,6,,,,,,,,,,,,,,,,10/4/2026
Daniel Rolovich,QB,SJSU,Showdown Captain Mode,10/4/2026,Showdown Captain Mode Showdown Captain Mode 10/4 12:00AM (SJSU @ HAW),6000,44354295,0.62,4.1,0.1,18,,,,,,,,,,,,,,,,10/4/2026
Cade Wolford,CPT,CINCY,Showdown Captain Mode,10/3/2026,Showdown Captain Mode Showdown Captain Mode 10/3 11:00PM (CINCY @ ARIZ),2400,44354247,3.27,4.06,1.36,7.2,,,,,,,,,,,,,,,,10/3/2026
Lyviel Waters,CPT,CINCY,Showdown Captain Mode,10/3/2026,Showdown Captain Mode Showdown Captain Mode 10/3 11:00PM (CINCY @ ARIZ),2700,44354246,3,4.02,1.11,8.1,,,,,,,,,,,,,,,,10/3/2026
Isaiah Carlson,RB,SJSU,Late Night,10/4/2026,"Late Night Late Night 10/3 10:30PM, 4 Games",4300,44337550,1.75,3.98,0.41,12.9,,,,,,,,,,,,,,,,10/4/2026
Antwan Roberts,RB,ARIZ,Late Night,10/3/2026,"Late Night Late Night 10/3 10:30PM, 4 Games",4500,44337647,1.55,3.94,0.34,13.5,,,,,,,,,,,,,,,,10/3/2026
Jordan Ross,WR,ARIZ,Late Night,10/3/2026,"Late Night Late Night 10/3 10:30PM, 4 Games",3000,44337713,2.63,3.9,0.88,9,,,,,,,,,,,,,,,,10/3/2026
Titan Lacaden,WR,HAW,Late Night,10/4/2026,"Late Night Late Night 10/3 10:30PM, 4 Games",3100,44337976,2.49,3.85,0.8,9.3,,,,,,,,,,,,,,,,10/4/2026
Grayson Rigdon,RB,ASU,Late Night,10/3/2026,"Late Night Late Night 10/3 10:30PM, 4 Games",4500,44337739,1.38,3.8,0.31,13.5,,,,,,,,,,,,,,,,10/3/2026
Kamaehu Kopa-Kaawalauole,CPT,SJSU,Showdown Captain Mode,10/4/2026,Showdown Captain Mode Showdown Captain Mode 10/4 12:00AM (SJSU @ HAW),2100,44354389,3.18,3.8,1.51,6.3,,,,,,,,,,,,,,,,10/4/2026
Robert McDaniel,QB,SJSU,Late Night,10/4/2026,"Late Night Late Night 10/3 10:30PM, 4 Games",6300,44337539,0,3.78,0,18.9,,,,,,,,,,,,,,,,10/4/2026
Raiden Vines-Bright,WR,ASU,Late Night,10/3/2026,"Late Night Late Night 10/3 10:30PM, 4 Games",3100,44337787,2.4,3.78,0.78,9.3,,,,,,,,,,,,,,,,10/3/2026
Zylan Perry,RB,CINCY,Late Night,10/3/2026,"Late Night Late Night 10/3 10:30PM, 4 Games",4100,44338110,1.57,3.72,0.38,12.3,,,,,,,,,,,,,,,,10/3/2026
Tony Livingston,WR,BAY,Late Night,10/3/2026,"Late Night Late Night 10/3 10:30PM, 4 Games",3200,44337845,2.21,3.69,0.69,9.6,,,,,,,,,,,,,,,,10/3/2026
Jaren Hamilton,WR,ASU,Late Night,10/3/2026,"Late Night Late Night 10/3 10:30PM, 4 Games",3900,44337784,1.68,3.68,0.43,11.7,,,,,,,,,,,,,,,,10/3/2026
Tyler Powell,WR,ARIZ,Late Night,10/3/2026,"Late Night Late Night 10/3 10:30PM, 4 Games",3100,44337668,2.22,3.64,0.72,9.3,,,,,,,,,,,,,,,,10/3/2026
Oscar Rios,QB,ARIZ,Showdown Captain Mode,10/3/2026,Showdown Captain Mode Showdown Captain Mode 10/3 11:00PM (CINCY @ ARIZ),6000,44354148,0,3.6,0,18,,,,,,,,,,,,,,,,10/3/2026
Luke Haugo,QB,ARIZ,Showdown Captain Mode,10/3/2026,Showdown Captain Mode Showdown Captain Mode 10/3 11:00PM (CINCY @ ARIZ),6000,44354149,0,3.6,0,18,,,,,,,,,,,,,,,,10/3/2026
Will Kocher,QB,CINCY,Showdown Captain Mode,10/3/2026,Showdown Captain Mode Showdown Captain Mode 10/3 11:00PM (CINCY @ ARIZ),6000,44354150,0,3.6,0,18,,,,,,,,,,,,,,,,10/3/2026
Brooks Goodman,QB,CINCY,Showdown Captain Mode,10/3/2026,Showdown Captain Mode Showdown Captain Mode 10/3 11:00PM (CINCY @ ARIZ),6000,44354151,0,3.6,0,18,,,,,,,,,,,,,,,,10/3/2026
JJ Miller,QB,CINCY,Showdown Captain Mode,10/3/2026,Showdown Captain Mode Showdown Captain Mode 10/3 11:00PM (CINCY @ ARIZ),6000,44354152,0,3.6,0,18,,,,,,,,,,,,,,,,10/3/2026
Mason Bray,QB,ARIZ,Showdown Captain Mode,10/3/2026,Showdown Captain Mode Showdown Captain Mode 10/3 11:00PM (CINCY @ ARIZ),6000,44354154,0,3.6,0,18,,,,,,,,,,,,,,,,10/3/2026
Isaac Jaramilla-Phe,QB,HAW,Showdown Captain Mode,10/4/2026,Showdown Captain Mode Showdown Captain Mode 10/4 12:00AM (SJSU @ HAW),6000,44354294,0,3.6,0,18,,,,,,,,,,,,,,,,10/4/2026
Hudson Wyatt,QB,SJSU,Showdown Captain Mode,10/4/2026,Showdown Captain Mode Showdown Captain Mode 10/4 12:00AM (SJSU @ HAW),6000,44354296,0,3.6,0,18,,,,,,,,,,,,,,,,10/4/2026
CJ Lee,QB,SJSU,Showdown Captain Mode,10/4/2026,Showdown Captain Mode Showdown Captain Mode 10/4 12:00AM (SJSU @ HAW),6000,44354297,0,3.6,0,18,,,,,,,,,,,,,,,,10/4/2026
Hazyn Botelho,QB,HAW,Showdown Captain Mode,10/4/2026,Showdown Captain Mode Showdown Captain Mode 10/4 12:00AM (SJSU @ HAW),6000,44354298,0,3.6,0,18,,,,,,,,,,,,,,,,10/4/2026
Tyler Jacklich,RB,SJSU,Showdown Captain Mode,10/4/2026,Showdown Captain Mode Showdown Captain Mode 10/4 12:00AM (SJSU @ HAW),6000,44354299,0,3.6,0,18,,,,,,,,,,,,,,,,10/4/2026
Cade Wolford,WR,CINCY,Showdown Captain Mode,10/3/2026,Showdown Captain Mode Showdown Captain Mode 10/3 11:00PM (CINCY @ ARIZ),1600,44354174,3.27,3.58,2.05,4.8,,,,,,,,,,,,,,,,10/3/2026
Cam Barfield,RB,HAW,Late Night,10/4/2026,"Late Night Late Night 10/3 10:30PM, 4 Games",5900,44337916,0,3.54,0,17.7,,,,,,,,,,,,,,,,10/4/2026
Samaj Jones,QB,CINCY,Late Night,10/3/2026,"Late Night Late Night 10/3 10:30PM, 4 Games",5900,44338094,0,3.54,0,17.7,,,,,,,,,,,,,,,,10/3/2026
Lyviel Waters,WR,CINCY,Showdown Captain Mode,10/3/2026,Showdown Captain Mode Showdown Captain Mode 10/3 11:00PM (CINCY @ ARIZ),1800,44354173,3,3.48,1.67,5.4,,,,,,,,,,,,,,,,10/3/2026
AJ Ia,WR,ASU,Late Night,10/3/2026,"Late Night Late Night 10/3 10:30PM, 4 Games",3200,44337757,1.91,3.45,0.6,9.6,,,,,,,,,,,,,,,,10/3/2026
Khamari Anderson,WR,ASU,Late Night,10/3/2026,"Late Night Late Night 10/3 10:30PM, 4 Games",3000,44337772,2.04,3.43,0.68,9,,,,,,,,,,,,,,,,10/3/2026
Titan Lacaden,CPT,HAW,Showdown Captain Mode,10/4/2026,Showdown Captain Mode Showdown Captain Mode 10/4 12:00AM (SJSU @ HAW),2400,44354388,2.49,3.43,1.04,7.2,,,,,,,,,,,,,,,,10/4/2026
Zylan Perry,RB,CINCY,Showdown Captain Mode,10/3/2026,Showdown Captain Mode Showdown Captain Mode 10/3 11:00PM (CINCY @ ARIZ),3600,44354164,1.57,3.42,0.44,10.8,,,,,,,,,,,,,,,,10/3/2026
Wesley Yarbrough,CPT,ARIZ,Showdown Captain Mode,10/3/2026,Showdown Captain Mode Showdown Captain Mode 10/3 11:00PM (CINCY @ ARIZ),1500,44354253,3.15,3.42,2.1,4.5,,,,,,,,,,,,,,,,10/3/2026
Taji Atkins,RB,TXST,Late Night,10/3/2026,"Late Night Late Night 10/3 10:30PM, 4 Games",4100,44338210,1.17,3.39,0.28,12.3,,,,,,,,,,,,,,,,10/3/2026
Giyahni Kontosis,WR,CINCY,Late Night,10/3/2026,"Late Night Late Night 10/3 10:30PM, 4 Games",3100,44338158,1.9,3.38,0.61,9.3,,,,,,,,,,,,,,,,10/3/2026
Kamaehu Kopa-Kaawalauole,WR,SJSU,Showdown Captain Mode,10/4/2026,Showdown Captain Mode Showdown Captain Mode 10/4 12:00AM (SJSU @ HAW),1400,44354318,3.18,3.38,2.27,4.2,,,,,,,,,,,,,,,,10/4/2026
Jordin Thomas,RB,SDSU,Late Night,10/3/2026,"Late Night Late Night 10/3 10:30PM, 4 Games",4200,44338017,1.02,3.34,0.24,12.6,,,,,,,,,,,,,,,,10/3/2026
La'Keyleon Graves,WR,TXST,Late Night,10/3/2026,"Late Night Late Night 10/3 10:30PM, 4 Games",3500,44338258,1.54,3.34,0.44,10.5,,,,,,,,,,,,,,,,10/3/2026
Matthew Klopfenstein,WR,BAY,Late Night,10/3/2026,"Late Night Late Night 10/3 10:30PM, 4 Games",3100,44337839,1.81,3.31,0.58,9.3,,,,,,,,,,,,,,,,10/3/2026
Draiden Trudeau,QB,SDSU,Late Night,10/3/2026,"Late Night Late Night 10/3 10:30PM, 4 Games",5500,44338005,0,3.3,0,16.5,,,,,,,,,,,,,,,,10/3/2026
Devyn Zahursky,CPT,CINCY,Showdown Captain Mode,10/3/2026,Showdown Captain Mode Showdown Captain Mode 10/3 11:00PM (CINCY @ ARIZ),1500,44354268,3,3.3,2,4.5,,,,,,,,,,,,,,,,10/3/2026
Diezel Kamoku,CPT,HAW,Showdown Captain Mode,10/4/2026,Showdown Captain Mode Showdown Captain Mode 10/4 12:00AM (SJSU @ HAW),1500,44354409,3,3.3,2,4.5,,,,,,,,,,,,,,,,10/4/2026
Tre' Griffiths,CPT,HAW,Showdown Captain Mode,10/4/2026,Showdown Captain Mode Showdown Captain Mode 10/4 12:00AM (SJSU @ HAW),1500,44354413,3,3.3,2,4.5,,,,,,,,,,,,,,,,10/4/2026
Jason Brown Jr.,RB,ASU,Late Night,10/3/2026,"Late Night Late Night 10/3 10:30PM, 4 Games",4000,44337745,1.09,3.27,0.27,12,,,,,,,,,,,,,,,,10/3/2026
Derek Eusebio,WR,ASU,Late Night,10/3/2026,"Late Night Late Night 10/3 10:30PM, 4 Games",3000,44337793,1.78,3.23,0.59,9,,,,,,,,,,,,,,,,10/3/2026
Liam O'Brien,QB,CINCY,Late Night,10/3/2026,"Late Night Late Night 10/3 10:30PM, 4 Games",4500,44338100,0.65,3.22,0.15,13.5,,,,,,,,,,,,,,,,10/3/2026
Cardae Mack,RB,ASU,Late Night,10/3/2026,"Late Night Late Night 10/3 10:30PM, 4 Games",4000,44337742,1.02,3.22,0.26,12,,,,,,,,,,,,,,,,10/3/2026
Daniel Rolovich,QB,SJSU,Late Night,10/4/2026,"Late Night Late Night 10/3 10:30PM, 4 Games",4500,44337541,0.62,3.2,0.14,13.5,,,,,,,,,,,,,,,,10/4/2026
Ryelan Morris,RB,BAY,Late Night,10/3/2026,"Late Night Late Night 10/3 10:30PM, 4 Games",4300,44337833,0.72,3.16,0.17,12.9,,,,,,,,,,,,,,,,10/3/2026
Hudson Borsari,K,HAW,Showdown Captain Mode,10/4/2026,Showdown Captain Mode Showdown Captain Mode 10/4 12:00AM (SJSU @ HAW),5200,44354303,0,3.12,0,15.6,,,,,,,,,,,,,,,,10/4/2026
Sean Olvera-Harle,K,HAW,Showdown Captain Mode,10/4/2026,Showdown Captain Mode Showdown Captain Mode 10/4 12:00AM (SJSU @ HAW),5200,44354304,0,3.12,0,15.6,,,,,,,,,,,,,,,,10/4/2026
Wesley Yarbrough,RB,ARIZ,Showdown Captain Mode,10/3/2026,Showdown Captain Mode Showdown Captain Mode 10/3 11:00PM (CINCY @ ARIZ),1000,44354180,3.15,3.12,3.15,3,,,,,,,,,,,,,,,,10/3/2026
Jalen Moss,WR,ASU,Late Night,10/3/2026,"Late Night Late Night 10/3 10:30PM, 4 Games",3200,44337781,1.45,3.08,0.45,9.6,,,,,,,,,,,,,,,,10/3/2026
Sullivan Moon,K,ARIZ,Showdown Captain Mode,10/3/2026,Showdown Captain Mode Showdown Captain Mode 10/3 11:00PM (CINCY @ ARIZ),5000,44354158,0,3,0,15,,,,,,,,,,,,,,,,10/3/2026
Michael Salgado-Medina,K,ARIZ,Showdown Captain Mode,10/3/2026,Showdown Captain Mode Showdown Captain Mode 10/3 11:00PM (CINCY @ ARIZ),5000,44354159,0,3,0,15,,,,,,,,,,,,,,,,10/3/2026
Joey Fernandez,K,SJSU,Showdown Captain Mode,10/4/2026,Showdown Captain Mode Showdown Captain Mode 10/4 12:00AM (SJSU @ HAW),5000,44354305,0,3,0,15,,,,,,,,,,,,,,,,10/4/2026
Trajan Sinatra,K,SJSU,Showdown Captain Mode,10/4/2026,Showdown Captain Mode Showdown Captain Mode 10/4 12:00AM (SJSU @ HAW),5000,44354306,0,3,0,15,,,,,,,,,,,,,,,,10/4/2026
Mathias Brown,K,SJSU,Showdown Captain Mode,10/4/2026,Showdown Captain Mode Showdown Captain Mode 10/4 12:00AM (SJSU @ HAW),5000,44354307,0,3,0,15,,,,,,,,,,,,,,,,10/4/2026
Jordan Ross,CPT,ARIZ,Showdown Captain Mode,10/3/2026,Showdown Captain Mode Showdown Captain Mode 10/3 11:00PM (CINCY @ ARIZ),1500,44354257,2.63,3,1.75,4.5,,,,,,,,,,,,,,,,10/3/2026
Devyn Zahursky,WR,CINCY,Showdown Captain Mode,10/3/2026,Showdown Captain Mode Showdown Captain Mode 10/3 11:00PM (CINCY @ ARIZ),1000,44354195,3,3,3,3,,,,,,,,,,,,,,,,10/3/2026
Diezel Kamoku,WR,HAW,Showdown Captain Mode,10/4/2026,Showdown Captain Mode Showdown Captain Mode 10/4 12:00AM (SJSU @ HAW),1000,44354338,3,3,3,3,,,,,,,,,,,,,,,,10/4/2026
Tre' Griffiths,WR,HAW,Showdown Captain Mode,10/4/2026,Showdown Captain Mode Showdown Captain Mode 10/4 12:00AM (SJSU @ HAW),1000,44354342,3,3,3,3,,,,,,,,,,,,,,,,10/4/2026
Caleb Smith,CPT,ARIZ,Showdown Captain Mode,10/3/2026,Showdown Captain Mode Showdown Captain Mode 10/3 11:00PM (CINCY @ ARIZ),3900,44354242,0.78,2.96,0.2,11.7,,,,,,,,,,,,,,,,10/3/2026
Titan Lacaden,WR,HAW,Showdown Captain Mode,10/4/2026,Showdown Captain Mode Showdown Captain Mode 10/4 12:00AM (SJSU @ HAW),1600,44354317,2.49,2.95,1.56,4.8,,,,,,,,,,,,,,,,10/4/2026
Shane King,WR,ARIZ,Late Night,10/3/2026,"Late Night Late Night 10/3 10:30PM, 4 Games",3300,44337665,1.14,2.89,0.35,9.9,,,,,,,,,,,,,,,,10/3/2026
Stephen Rusnak,K,CINCY,Showdown Captain Mode,10/3/2026,Showdown Captain Mode Showdown Captain Mode 10/3 11:00PM (CINCY @ ARIZ),4800,44354160,0,2.88,0,14.4,,,,,,,,,,,,,,,,10/3/2026
Max Lemasters,K,CINCY,Showdown Captain Mode,10/3/2026,Showdown Captain Mode Showdown Captain Mode 10/3 11:00PM (CINCY @ ARIZ),4800,44354161,0,2.88,0,14.4,,,,,,,,,,,,,,,,10/3/2026
Stone Saunders,QB,SDSU,Late Night,10/3/2026,"Late Night Late Night 10/3 10:30PM, 4 Games",4500,44338007,0.21,2.87,0.05,13.5,,,,,,,,,,,,,,,,10/3/2026
Jordan Martin,WR,TXST,Late Night,10/3/2026,"Late Night Late Night 10/3 10:30PM, 4 Games",3000,44338255,1.32,2.86,0.44,9,,,,,,,,,,,,,,,,10/3/2026
Tyler Powell,CPT,ARIZ,Showdown Captain Mode,10/3/2026,Showdown Captain Mode Showdown Captain Mode 10/3 11:00PM (CINCY @ ARIZ),1800,44354249,2.22,2.86,1.23,5.4,,,,,,,,,,,,,,,,10/3/2026
Caleb Smith,WR,ARIZ,Late Night,10/3/2026,"Late Night Late Night 10/3 10:30PM, 4 Games",3600,44337704,0.78,2.78,0.22,10.8,,,,,,,,,,,,,,,,10/3/2026
Giyahni Kontosis,CPT,CINCY,Showdown Captain Mode,10/3/2026,Showdown Captain Mode Showdown Captain Mode 10/3 11:00PM (CINCY @ ARIZ),2100,44354248,1.9,2.78,0.9,6.3,,,,,,,,,,,,,,,,10/3/2026
Shane King,CPT,ARIZ,Showdown Captain Mode,10/3/2026,Showdown Captain Mode Showdown Captain Mode 10/3 11:00PM (CINCY @ ARIZ),3000,44354245,1.14,2.71,0.38,9,,,,,,,,,,,,,,,,10/3/2026
CJ Lee,QB,SJSU,Late Night,10/4/2026,"Late Night Late Night 10/3 10:30PM, 4 Games",4500,44337543,0,2.7,0,13.5,,,,,,,,,,,,,,,,10/4/2026
Hudson Wyatt,QB,SJSU,Late Night,10/4/2026,"Late Night Late Night 10/3 10:30PM, 4 Games",4500,44337545,0,2.7,0,13.5,,,,,,,,,,,,,,,,10/4/2026
Luke Haugo,QB,ARIZ,Late Night,10/3/2026,"Late Night Late Night 10/3 10:30PM, 4 Games",4500,44337632,0,2.7,0,13.5,,,,,,,,,,,,,,,,10/3/2026
Mason Bray,QB,ARIZ,Late Night,10/3/2026,"Late Night Late Night 10/3 10:30PM, 4 Games",4500,44337634,0,2.7,0,13.5,,,,,,,,,,,,,,,,10/3/2026
Oscar Rios,QB,ARIZ,Late Night,10/3/2026,"Late Night Late Night 10/3 10:30PM, 4 Games",4500,44337636,0,2.7,0,13.5,,,,,,,,,,,,,,,,10/3/2026
Jake Fette,QB,ASU,Late Night,10/3/2026,"Late Night Late Night 10/3 10:30PM, 4 Games",4500,44337729,0,2.7,0,13.5,,,,,,,,,,,,,,,,10/3/2026
Cameron Dyer,QB,ASU,Late Night,10/3/2026,"Late Night Late Night 10/3 10:30PM, 4 Games",4500,44337731,0,2.7,0,13.5,,,,,,,,,,,,,,,,10/3/2026
Edward Griffin,QB,BAY,Late Night,10/3/2026,"Late Night Late Night 10/3 10:30PM, 4 Games",4500,44337818,0,2.7,0,13.5,,,,,,,,,,,,,,,,10/3/2026
Cade Tessier,QB,BAY,Late Night,10/3/2026,"Late Night Late Night 10/3 10:30PM, 4 Games",4500,44337820,0,2.7,0,13.5,,,,,,,,,,,,,,,,10/3/2026
Quinn Murphy,QB,BAY,Late Night,10/3/2026,"Late Night Late Night 10/3 10:30PM, 4 Games",4500,44337822,0,2.7,0,13.5,,,,,,,,,,,,,,,,10/3/2026
Isaac Jaramilla-Phe,QB,HAW,Late Night,10/4/2026,"Late Night Late Night 10/3 10:30PM, 4 Games",4500,44337909,0,2.7,0,13.5,,,,,,,,,,,,,,,,10/4/2026
Hazyn Botelho,QB,HAW,Late Night,10/4/2026,"Late Night Late Night 10/3 10:30PM, 4 Games",4500,44337911,0,2.7,0,13.5,,,,,,,,,,,,,,,,10/4/2026
Brady Campbell,QB,SDSU,Late Night,10/3/2026,"Late Night Late Night 10/3 10:30PM, 4 Games",4500,44338009,0,2.7,0,13.5,,,,,,,,,,,,,,,,10/3/2026
Brooks Goodman,QB,CINCY,Late Night,10/3/2026,"Late Night Late Night 10/3 10:30PM, 4 Games",4500,44338096,0,2.7,0,13.5,,,,,,,,,,,,,,,,10/3/2026
Will Kocher,QB,CINCY,Late Night,10/3/2026,"Late Night Late Night 10/3 10:30PM, 4 Games",4500,44338098,0,2.7,0,13.5,,,,,,,,,,,,,,,,10/3/2026
JJ Miller,QB,CINCY,Late Night,10/3/2026,"Late Night Late Night 10/3 10:30PM, 4 Games",4500,44338102,0,2.7,0,13.5,,,,,,,,,,,,,,,,10/3/2026
Shaker Reisig,QB,TXST,Late Night,10/3/2026,"Late Night Late Night 10/3 10:30PM, 4 Games",4500,44338195,0,2.7,0,13.5,,,,,,,,,,,,,,,,10/3/2026
Stone Walker,QB,TXST,Late Night,10/3/2026,"Late Night Late Night 10/3 10:30PM, 4 Games",4500,44338197,0,2.7,0,13.5,,,,,,,,,,,,,,,,10/3/2026
Easton Webb,QB,TXST,Late Night,10/3/2026,"Late Night Late Night 10/3 10:30PM, 4 Games",4500,44338199,0,2.7,0,13.5,,,,,,,,,,,,,,,,10/3/2026
Jordan Ross,WR,ARIZ,Showdown Captain Mode,10/3/2026,Showdown Captain Mode Showdown Captain Mode 10/3 11:00PM (CINCY @ ARIZ),1000,44354184,2.63,2.7,2.63,3,,,,,,,,,,,,,,,,10/3/2026
Frank Abreu,CPT,HAW,Showdown Captain Mode,10/4/2026,Showdown Captain Mode Showdown Captain Mode 10/4 12:00AM (SJSU @ HAW),3300,44354386,0.84,2.65,0.25,9.9,,,,,,,,,,,,,,,,10/4/2026
Frank Abreu,WR,HAW,Late Night,10/4/2026,"Late Night Late Night 10/3 10:30PM, 4 Games",3200,44337937,0.84,2.59,0.26,9.6,,,,,,,,,,,,,,,,10/4/2026
DeBraun Hampton,WR,BAY,Late Night,10/3/2026,"Late Night Late Night 10/3 10:30PM, 4 Games",3000,44337872,0.96,2.57,0.32,9,,,,,,,,,,,,,,,,10/3/2026
Josiah Fetui,WR,HAW,Late Night,10/4/2026,"Late Night Late Night 10/3 10:30PM, 4 Games",3000,44337982,0.96,2.57,0.32,9,,,,,,,,,,,,,,,,10/4/2026
Taz Williams Jr.,WR,BAY,Late Night,10/3/2026,"Late Night Late Night 10/3 10:30PM, 4 Games",3100,44337869,0.84,2.53,0.27,9.3,,,,,,,,,,,,,,,,10/3/2026
R.J. Mosley,WR,ARIZ,Late Night,10/3/2026,"Late Night Late Night 10/3 10:30PM, 4 Games",3000,44337707,0.9,2.52,0.3,9,,,,,,,,,,,,,,,,10/3/2026
Tyler Powell,WR,ARIZ,Showdown Captain Mode,10/3/2026,Showdown Captain Mode Showdown Captain Mode 10/3 11:00PM (CINCY @ ARIZ),1200,44354176,2.22,2.5,1.85,3.6,,,,,,,,,,,,,,,,10/3/2026
Jase Nix,WR,SJSU,Late Night,10/4/2026,"Late Night Late Night 10/3 10:30PM, 4 Games",3000,44337604,0.78,2.42,0.26,9,,,,,,,,,,,,,,,,10/4/2026
Tyler Jacklich,RB,SJSU,Late Night,10/4/2026,"Late Night Late Night 10/3 10:30PM, 4 Games",4000,44337556,0,2.4,0,12,,,,,,,,,,,,,,,,10/4/2026
Sir Autry,RB,SJSU,Late Night,10/4/2026,"Late Night Late Night 10/3 10:30PM, 4 Games",4000,44337559,0,2.4,0,12,,,,,,,,,,,,,,,,10/4/2026
Aaron Cox Jr.,RB,SJSU,Late Night,10/4/2026,"Late Night Late Night 10/3 10:30PM, 4 Games",4000,44337562,0,2.4,0,12,,,,,,,,,,,,,,,,10/4/2026
Courshawn Hill,RB,SJSU,Late Night,10/4/2026,"Late Night Late Night 10/3 10:30PM, 4 Games",4000,44337565,0,2.4,0,12,,,,,,,,,,,,,,,,10/4/2026
Anthony Wilhite,RB,ARIZ,Late Night,10/3/2026,"Late Night Late Night 10/3 10:30PM, 4 Games",4000,44337653,0,2.4,0,12,,,,,,,,,,,,,,,,10/3/2026
Cornelius Warren III,RB,ARIZ,Late Night,10/3/2026,"Late Night Late Night 10/3 10:30PM, 4 Games",4000,44337656,0,2.4,0,12,,,,,,,,,,,,,,,,10/3/2026
Lohgan Bottjer,RB,ARIZ,Late Night,10/3/2026,"Late Night Late Night 10/3 10:30PM, 4 Games",4000,44337659,0,2.4,0,12,,,,,,,,,,,,,,,,10/3/2026
David Avit,RB,ASU,Late Night,10/3/2026,"Late Night Late Night 10/3 10:30PM, 4 Games",4000,44337751,0,2.4,0,12,,,,,,,,,,,,,,,,10/3/2026
HD Davis,RB,BAY,Late Night,10/3/2026,"Late Night Late Night 10/3 10:30PM, 4 Games",4000,44337836,0,2.4,0,12,,,,,,,,,,,,,,,,10/3/2026
James Steffany-Fiame,RB,HAW,Late Night,10/4/2026,"Late Night Late Night 10/3 10:30PM, 4 Games",4000,44337922,0,2.4,0,12,,,,,,,,,,,,,,,,10/4/2026
Noah Bartley,RB,HAW,Late Night,10/4/2026,"Late Night Late Night 10/3 10:30PM, 4 Games",4000,44337925,0,2.4,0,12,,,,,,,,,,,,,,,,10/4/2026
TJ Fo'ilefutu,RB,HAW,Late Night,10/4/2026,"Late Night Late Night 10/3 10:30PM, 4 Games",4000,44337928,0,2.4,0,12,,,,,,,,,,,,,,,,10/4/2026
Jayzon Thompson,RB,CINCY,Late Night,10/3/2026,"Late Night Late Night 10/3 10:30PM, 4 Games",4000,44338116,0,2.4,0,12,,,,,,,,,,,,,,,,10/3/2026
James Lewis,RB,CINCY,Late Night,10/3/2026,"Late Night Late Night 10/3 10:30PM, 4 Games",4000,44338119,0,2.4,0,12,,,,,,,,,,,,,,,,10/3/2026
Juntavious Harris,RB,TXST,Late Night,10/3/2026,"Late Night Late Night 10/3 10:30PM, 4 Games",4000,44338213,0,2.4,0,12,,,,,,,,,,,,,,,,10/3/2026
Cole Pryor,RB,TXST,Late Night,10/3/2026,"Late Night Late Night 10/3 10:30PM, 4 Games",4000,44338216,0,2.4,0,12,,,,,,,,,,,,,,,,10/3/2026
Dominique McKenzie,WR,SJSU,Late Night,10/4/2026,"Late Night Late Night 10/3 10:30PM, 4 Games",3000,44337598,0.72,2.38,0.24,9,,,,,,,,,,,,,,,,10/4/2026
Giyahni Kontosis,WR,CINCY,Showdown Captain Mode,10/3/2026,Showdown Captain Mode Showdown Captain Mode 10/3 11:00PM (CINCY @ ARIZ),1400,44354175,1.9,2.36,1.35,4.2,,,,,,,,,,,,,,,,10/3/2026
James Giggey,WR,ASU,Late Night,10/3/2026,"Late Night Late Night 10/3 10:30PM, 4 Games",3100,44337754,0.6,2.34,0.19,9.3,,,,,,,,,,,,,,,,10/3/2026
Caleb Smith,WR,ARIZ,Showdown Captain Mode,10/3/2026,Showdown Captain Mode Showdown Captain Mode 10/3 11:00PM (CINCY @ ARIZ),2600,44354169,0.78,2.18,0.3,7.8,,,,,,,,,,,,,,,,10/3/2026
Shane King,WR,ARIZ,Showdown Captain Mode,10/3/2026,Showdown Captain Mode Showdown Captain Mode 10/3 11:00PM (CINCY @ ARIZ),2000,44354172,1.14,2.11,0.57,6,,,,,,,,,,,,,,,,10/3/2026
Frank Abreu,WR,HAW,Showdown Captain Mode,10/4/2026,Showdown Captain Mode Showdown Captain Mode 10/4 12:00AM (SJSU @ HAW),2200,44354315,0.84,1.99,0.38,6.6,,,,,,,,,,,,,,,,10/4/2026
Jack Lua,WR,SDSU,Late Night,10/3/2026,"Late Night Late Night 10/3 10:30PM, 4 Games",3100,44338029,0,1.86,0,9.3,,,,,,,,,,,,,,,,10/3/2026
Daishaun Davis,WR,SDSU,Late Night,10/3/2026,"Late Night Late Night 10/3 10:30PM, 4 Games",3100,44338068,0,1.86,0,9.3,,,,,,,,,,,,,,,,10/3/2026
Ryan Boultwood,WR,SJSU,Late Night,10/4/2026,"Late Night Late Night 10/3 10:30PM, 4 Games",3000,44337571,0,1.8,0,9,,,,,,,,,,,,,,,,10/4/2026
Braiden Bachich-Dixon,WR,SJSU,Late Night,10/4/2026,"Late Night Late Night 10/3 10:30PM, 4 Games",3000,44337574,0,1.8,0,9,,,,,,,,,,,,,,,,10/4/2026
Max Friedman,WR,SJSU,Late Night,10/4/2026,"Late Night Late Night 10/3 10:30PM, 4 Games",3000,44337577,0,1.8,0,9,,,,,,,,,,,,,,,,10/4/2026
Shane Kiley,WR,SJSU,Late Night,10/4/2026,"Late Night Late Night 10/3 10:30PM, 4 Games",3000,44337580,0,1.8,0,9,,,,,,,,,,,,,,,,10/4/2026
Tama Amisone,WR,SJSU,Late Night,10/4/2026,"Late Night Late Night 10/3 10:30PM, 4 Games",3000,44337607,0,1.8,0,9,,,,,,,,,,,,,,,,10/4/2026
Ryker Ruelas,WR,SJSU,Late Night,10/4/2026,"Late Night Late Night 10/3 10:30PM, 4 Games",3000,44337610,0,1.8,0,9,,,,,,,,,,,,,,,,10/4/2026
Devin Olmande,WR,SJSU,Late Night,10/4/2026,"Late Night Late Night 10/3 10:30PM, 4 Games",3000,44337613,0,1.8,0,9,,,,,,,,,,,,,,,,10/4/2026
Jeremiah Fung,WR,SJSU,Late Night,10/4/2026,"Late Night Late Night 10/3 10:30PM, 4 Games",3000,44337616,0,1.8,0,9,,,,,,,,,,,,,,,,10/4/2026
Cody Hall,WR,SJSU,Late Night,10/4/2026,"Late Night Late Night 10/3 10:30PM, 4 Games",3000,44337619,0,1.8,0,9,,,,,,,,,,,,,,,,10/4/2026
Parris Vernon Jr.,WR,SJSU,Late Night,10/4/2026,"Late Night Late Night 10/3 10:30PM, 4 Games",3000,44337622,0,1.8,0,9,,,,,,,,,,,,,,,,10/4/2026
Trace Hernandez,WR,SJSU,Late Night,10/4/2026,"Late Night Late Night 10/3 10:30PM, 4 Games",3000,44337625,0,1.8,0,9,,,,,,,,,,,,,,,,10/4/2026
Arthur Ban,WR,ARIZ,Late Night,10/3/2026,"Late Night Late Night 10/3 10:30PM, 4 Games",3000,44337671,0,1.8,0,9,,,,,,,,,,,,,,,,10/3/2026
Kellan Ford,WR,ARIZ,Late Night,10/3/2026,"Late Night Late Night 10/3 10:30PM, 4 Games",3000,44337674,0,1.8,0,9,,,,,,,,,,,,,,,,10/3/2026
Henry Gabalis,WR,ARIZ,Late Night,10/3/2026,"Late Night Late Night 10/3 10:30PM, 4 Games",3000,44337677,0,1.8,0,9,,,,,,,,,,,,,,,,10/3/2026
Tyler Mustain,WR,ARIZ,Late Night,10/3/2026,"Late Night Late Night 10/3 10:30PM, 4 Games",3000,44337680,0,1.8,0,9,,,,,,,,,,,,,,,,10/3/2026
Lachlan Teissier,WR,ARIZ,Late Night,10/3/2026,"Late Night Late Night 10/3 10:30PM, 4 Games",3000,44337683,0,1.8,0,9,,,,,,,,,,,,,,,,10/3/2026
Jordan McCord III,WR,ARIZ,Late Night,10/3/2026,"Late Night Late Night 10/3 10:30PM, 4 Games",3000,44337716,0,1.8,0,9,,,,,,,,,,,,,,,,10/3/2026
Landon Kelsey,WR,ARIZ,Late Night,10/3/2026,"Late Night Late Night 10/3 10:30PM, 4 Games",3000,44337719,0,1.8,0,9,,,,,,,,,,,,,,,,10/3/2026
Scotty Brennan,WR,ARIZ,Late Night,10/3/2026,"Late Night Late Night 10/3 10:30PM, 4 Games",3000,44337722,0,1.8,0,9,,,,,,,,,,,,,,,,10/3/2026
Anthony Miller,WR,ASU,Late Night,10/3/2026,"Late Night Late Night 10/3 10:30PM, 4 Games",3000,44337760,0,1.8,0,9,,,,,,,,,,,,,,,,10/3/2026
Kristian Ingman,WR,ASU,Late Night,10/3/2026,"Late Night Late Night 10/3 10:30PM, 4 Games",3000,44337763,0,1.8,0,9,,,,,,,,,,,,,,,,10/3/2026
Hayden Vercher,WR,ASU,Late Night,10/3/2026,"Late Night Late Night 10/3 10:30PM, 4 Games",3000,44337766,0,1.8,0,9,,,,,,,,,,,,,,,,10/3/2026
Landen Miree,WR,ASU,Late Night,10/3/2026,"Late Night Late Night 10/3 10:30PM, 4 Games",3000,44337769,0,1.8,0,9,,,,,,,,,,,,,,,,10/3/2026
Cory Butler Jr.,WR,ASU,Late Night,10/3/2026,"Late Night Late Night 10/3 10:30PM, 4 Games",3000,44337790,0,1.8,0,9,,,,,,,,,,,,,,,,10/3/2026
Uriah Neloms,WR,ASU,Late Night,10/3/2026,"Late Night Late Night 10/3 10:30PM, 4 Games",3000,44337796,0,1.8,0,9,,,,,,,,,,,,,,,,10/3/2026
Harry Hassmann,WR,ASU,Late Night,10/3/2026,"Late Night Late Night 10/3 10:30PM, 4 Games",3000,44337799,0,1.8,0,9,,,,,,,,,,,,,,,,10/3/2026
Plas Johnson,WR,ASU,Late Night,10/3/2026,"Late Night Late Night 10/3 10:30PM, 4 Games",3000,44337802,0,1.8,0,9,,,,,,,,,,,,,,,,10/3/2026
Michael Tollefson,WR,ASU,Late Night,10/3/2026,"Late Night Late Night 10/3 10:30PM, 4 Games",3000,44337805,0,1.8,0,9,,,,,,,,,,,,,,,,10/3/2026
Jeremiah Johnson,WR,ASU,Late Night,10/3/2026,"Late Night Late Night 10/3 10:30PM, 4 Games",3000,44337808,0,1.8,0,9,,,,,,,,,,,,,,,,10/3/2026
Chance Ables,WR,ASU,Late Night,10/3/2026,"Late Night Late Night 10/3 10:30PM, 4 Games",3000,44337811,0,1.8,0,9,,,,,,,,,,,,,,,,10/3/2026
Kai Wesley,WR,BAY,Late Night,10/3/2026,"Late Night Late Night 10/3 10:30PM, 4 Games",3000,44337848,0,1.8,0,9,,,,,,,,,,,,,,,,10/3/2026
Parker Almanza,WR,BAY,Late Night,10/3/2026,"Late Night Late Night 10/3 10:30PM, 4 Games",3000,44337851,0,1.8,0,9,,,,,,,,,,,,,,,,10/3/2026
Brody Wilhelm,WR,BAY,Late Night,10/3/2026,"Late Night Late Night 10/3 10:30PM, 4 Games",3000,44337854,0,1.8,0,9,,,,,,,,,,,,,,,,10/3/2026
Jacorey Watson,WR,BAY,Late Night,10/3/2026,"Late Night Late Night 10/3 10:30PM, 4 Games",3000,44337878,0,1.8,0,9,,,,,,,,,,,,,,,,10/3/2026
Ashton Jones,WR,BAY,Late Night,10/3/2026,"Late Night Late Night 10/3 10:30PM, 4 Games",3000,44337881,0,1.8,0,9,,,,,,,,,,,,,,,,10/3/2026
Jackson Baird,WR,BAY,Late Night,10/3/2026,"Late Night Late Night 10/3 10:30PM, 4 Games",3000,44337884,0,1.8,0,9,,,,,,,,,,,,,,,,10/3/2026
Michael Johnson Jr.,WR,BAY,Late Night,10/3/2026,"Late Night Late Night 10/3 10:30PM, 4 Games",3000,44337887,0,1.8,0,9,,,,,,,,,,,,,,,,10/3/2026
Chase Collier,WR,BAY,Late Night,10/3/2026,"Late Night Late Night 10/3 10:30PM, 4 Games",3000,44337890,0,1.8,0,9,,,,,,,,,,,,,,,,10/3/2026
London Smith,WR,BAY,Late Night,10/3/2026,"Late Night Late Night 10/3 10:30PM, 4 Games",3000,44337893,0,1.8,0,9,,,,,,,,,,,,,,,,10/3/2026
Ryne Shackelford,WR,BAY,Late Night,10/3/2026,"Late Night Late Night 10/3 10:30PM, 4 Games",3000,44337896,0,1.8,0,9,,,,,,,,,,,,,,,,10/3/2026
Brody Day,WR,BAY,Late Night,10/3/2026,"Late Night Late Night 10/3 10:30PM, 4 Games",3000,44337899,0,1.8,0,9,,,,,,,,,,,,,,,,10/3/2026
Davion Peters,WR,BAY,Late Night,10/3/2026,"Late Night Late Night 10/3 10:30PM, 4 Games",3000,44337902,0,1.8,0,9,,,,,,,,,,,,,,,,10/3/2026
Oakie Salave'a,WR,HAW,Late Night,10/4/2026,"Late Night Late Night 10/3 10:30PM, 4 Games",3000,44337934,0,1.8,0,9,,,,,,,,,,,,,,,,10/4/2026
Micah Kaonohi-Kaihenui,WR,HAW,Late Night,10/4/2026,"Late Night Late Night 10/3 10:30PM, 4 Games",3000,44337940,0,1.8,0,9,,,,,,,,,,,,,,,,10/4/2026
Andrew Price,WR,HAW,Late Night,10/4/2026,"Late Night Late Night 10/3 10:30PM, 4 Games",3000,44337943,0,1.8,0,9,,,,,,,,,,,,,,,,10/4/2026
Anthony Hickman,WR,HAW,Late Night,10/4/2026,"Late Night Late Night 10/3 10:30PM, 4 Games",3000,44337946,0,1.8,0,9,,,,,,,,,,,,,,,,10/4/2026
Matthew Bailiff,WR,HAW,Late Night,10/4/2026,"Late Night Late Night 10/3 10:30PM, 4 Games",3000,44337949,0,1.8,0,9,,,,,,,,,,,,,,,,10/4/2026
Nick Delgadillo,WR,HAW,Late Night,10/4/2026,"Late Night Late Night 10/3 10:30PM, 4 Games",3000,44337979,0,1.8,0,9,,,,,,,,,,,,,,,,10/4/2026
Koa Eldredge,WR,HAW,Late Night,10/4/2026,"Late Night Late Night 10/3 10:30PM, 4 Games",3000,44337985,0,1.8,0,9,,,,,,,,,,,,,,,,10/4/2026
Jarvis Heimuli,WR,HAW,Late Night,10/4/2026,"Late Night Late Night 10/3 10:30PM, 4 Games",3000,44337988,0,1.8,0,9,,,,,,,,,,,,,,,,10/4/2026
Robert Haynes IV,WR,HAW,Late Night,10/4/2026,"Late Night Late Night 10/3 10:30PM, 4 Games",3000,44337994,0,1.8,0,9,,,,,,,,,,,,,,,,10/4/2026
Brandon Gaea,WR,HAW,Late Night,10/4/2026,"Late Night Late Night 10/3 10:30PM, 4 Games",3000,44337997,0,1.8,0,9,,,,,,,,,,,,,,,,10/4/2026
Dillon Booth,WR,HAW,Late Night,10/4/2026,"Late Night Late Night 10/3 10:30PM, 4 Games",3000,44338000,0,1.8,0,9,,,,,,,,,,,,,,,,10/4/2026
Kime Fangupo,WR,SDSU,Late Night,10/3/2026,"Late Night Late Night 10/3 10:30PM, 4 Games",3000,44338032,0,1.8,0,9,,,,,,,,,,,,,,,,10/3/2026
Elijah Muliufi,WR,SDSU,Late Night,10/3/2026,"Late Night Late Night 10/3 10:30PM, 4 Games",3000,44338035,0,1.8,0,9,,,,,,,,,,,,,,,,10/3/2026
Parker Guiltinan,WR,SDSU,Late Night,10/3/2026,"Late Night Late Night 10/3 10:30PM, 4 Games",3000,44338038,0,1.8,0,9,,,,,,,,,,,,,,,,10/3/2026
Jack Ellis,WR,SDSU,Late Night,10/3/2026,"Late Night Late Night 10/3 10:30PM, 4 Games",3000,44338041,0,1.8,0,9,,,,,,,,,,,,,,,,10/3/2026
Will Cianfrini,WR,SDSU,Late Night,10/3/2026,"Late Night Late Night 10/3 10:30PM, 4 Games",3000,44338065,0,1.8,0,9,,,,,,,,,,,,,,,,10/3/2026
Carson Diehl,WR,SDSU,Late Night,10/3/2026,"Late Night Late Night 10/3 10:30PM, 4 Games",3000,44338071,0,1.8,0,9,,,,,,,,,,,,,,,,10/3/2026
Parker Threatt,WR,SDSU,Late Night,10/3/2026,"Late Night Late Night 10/3 10:30PM, 4 Games",3000,44338074,0,1.8,0,9,,,,,,,,,,,,,,,,10/3/2026
Ayo Shotomide-King,WR,SDSU,Late Night,10/3/2026,"Late Night Late Night 10/3 10:30PM, 4 Games",3000,44338077,0,1.8,0,9,,,,,,,,,,,,,,,,10/3/2026
Aldrich Doe,WR,SDSU,Late Night,10/3/2026,"Late Night Late Night 10/3 10:30PM, 4 Games",3000,44338080,0,1.8,0,9,,,,,,,,,,,,,,,,10/3/2026
De'yhare Overstreet-Glover,WR,SDSU,Late Night,10/3/2026,"Late Night Late Night 10/3 10:30PM, 4 Games",3000,44338083,0,1.8,0,9,,,,,,,,,,,,,,,,10/3/2026
Derek Stevenson,WR,SDSU,Late Night,10/3/2026,"Late Night Late Night 10/3 10:30PM, 4 Games",3000,44338086,0,1.8,0,9,,,,,,,,,,,,,,,,10/3/2026
Craig Walker,WR,SDSU,Late Night,10/3/2026,"Late Night Late Night 10/3 10:30PM, 4 Games",3000,44338089,0,1.8,0,9,,,,,,,,,,,,,,,,10/3/2026
Ka'Maurri Smith,WR,CINCY,Late Night,10/3/2026,"Late Night Late Night 10/3 10:30PM, 4 Games",3000,44338125,0,1.8,0,9,,,,,,,,,,,,,,,,10/3/2026
Kellen Davis,WR,CINCY,Late Night,10/3/2026,"Late Night Late Night 10/3 10:30PM, 4 Games",3000,44338134,0,1.8,0,9,,,,,,,,,,,,,,,,10/3/2026
DaMari Witherspoon,WR,CINCY,Late Night,10/3/2026,"Late Night Late Night 10/3 10:30PM, 4 Games",3000,44338137,0,1.8,0,9,,,,,,,,,,,,,,,,10/3/2026
Gavin Gregory,WR,CINCY,Late Night,10/3/2026,"Late Night Late Night 10/3 10:30PM, 4 Games",3000,44338140,0,1.8,0,9,,,,,,,,,,,,,,,,10/3/2026
Jalen Williams,WR,CINCY,Late Night,10/3/2026,"Late Night Late Night 10/3 10:30PM, 4 Games",3000,44338161,0,1.8,0,9,,,,,,,,,,,,,,,,10/3/2026
Elijah Jones,WR,CINCY,Late Night,10/3/2026,"Late Night Late Night 10/3 10:30PM, 4 Games",3000,44338164,0,1.8,0,9,,,,,,,,,,,,,,,,10/3/2026
Flynn Schiele,WR,CINCY,Late Night,10/3/2026,"Late Night Late Night 10/3 10:30PM, 4 Games",3000,44338167,0,1.8,0,9,,,,,,,,,,,,,,,,10/3/2026
H'eij Jackson,WR,CINCY,Late Night,10/3/2026,"Late Night Late Night 10/3 10:30PM, 4 Games",3000,44338170,0,1.8,0,9,,,,,,,,,,,,,,,,10/3/2026
Joshua Smith,WR,CINCY,Late Night,10/3/2026,"Late Night Late Night 10/3 10:30PM, 4 Games",3000,44338173,0,1.8,0,9,,,,,,,,,,,,,,,,10/3/2026
Dadrien Waller,WR,CINCY,Late Night,10/3/2026,"Late Night Late Night 10/3 10:30PM, 4 Games",3000,44338176,0,1.8,0,9,,,,,,,,,,,,,,,,10/3/2026
Taizaun Burns,WR,CINCY,Late Night,10/3/2026,"Late Night Late Night 10/3 10:30PM, 4 Games",3000,44338179,0,1.8,0,9,,,,,,,,,,,,,,,,10/3/2026
Pierce Ayers,WR,CINCY,Late Night,10/3/2026,"Late Night Late Night 10/3 10:30PM, 4 Games",3000,44338182,0,1.8,0,9,,,,,,,,,,,,,,,,10/3/2026
Christian Moulton,WR,CINCY,Late Night,10/3/2026,"Late Night Late Night 10/3 10:30PM, 4 Games",3000,44338185,0,1.8,0,9,,,,,,,,,,,,,,,,10/3/2026
Ryan Taleb,WR,CINCY,Late Night,10/3/2026,"Late Night Late Night 10/3 10:30PM, 4 Games",3000,44338188,0,1.8,0,9,,,,,,,,,,,,,,,,10/3/2026
Ty Stamey,WR,TXST,Late Night,10/3/2026,"Late Night Late Night 10/3 10:30PM, 4 Games",3000,44338222,0,1.8,0,9,,,,,,,,,,,,,,,,10/3/2026
Cole Snodgrass,WR,TXST,Late Night,10/3/2026,"Late Night Late Night 10/3 10:30PM, 4 Games",3000,44338225,0,1.8,0,9,,,,,,,,,,,,,,,,10/3/2026
Jake Simpson,WR,TXST,Late Night,10/3/2026,"Late Night Late Night 10/3 10:30PM, 4 Games",3000,44338228,0,1.8,0,9,,,,,,,,,,,,,,,,10/3/2026
Arvis Battle Jr.,WR,TXST,Late Night,10/3/2026,"Late Night Late Night 10/3 10:30PM, 4 Games",3000,44338234,0,1.8,0,9,,,,,,,,,,,,,,,,10/3/2026
Russell Crawford,WR,TXST,Late Night,10/3/2026,"Late Night Late Night 10/3 10:30PM, 4 Games",3000,44338237,0,1.8,0,9,,,,,,,,,,,,,,,,10/3/2026
Kris Willis Jr.,WR,TXST,Late Night,10/3/2026,"Late Night Late Night 10/3 10:30PM, 4 Games",3000,44338261,0,1.8,0,9,,,,,,,,,,,,,,,,10/3/2026
Jonah Jones,WR,TXST,Late Night,10/3/2026,"Late Night Late Night 10/3 10:30PM, 4 Games",3000,44338264,0,1.8,0,9,,,,,,,,,,,,,,,,10/3/2026
Blake McLane,WR,TXST,Late Night,10/3/2026,"Late Night Late Night 10/3 10:30PM, 4 Games",3000,44338267,0,1.8,0,9,,,,,,,,,,,,,,,,10/3/2026
Dameon Crowe,WR,TXST,Late Night,10/3/2026,"Late Night Late Night 10/3 10:30PM, 4 Games",3000,44338270,0,1.8,0,9,,,,,,,,,,,,,,,,10/3/2026
Skylar Lewis,WR,TXST,Late Night,10/3/2026,"Late Night Late Night 10/3 10:30PM, 4 Games",3000,44338273,0,1.8,0,9,,,,,,,,,,,,,,,,10/3/2026
Xavier Warren,WR,TXST,Late Night,10/3/2026,"Late Night Late Night 10/3 10:30PM, 4 Games",3000,44338276,0,1.8,0,9,,,,,,,,,,,,,,,,10/3/2026
Josiah Fetui,CPT,HAW,Showdown Captain Mode,10/4/2026,Showdown Captain Mode Showdown Captain Mode 10/4 12:00AM (SJSU @ HAW),1500,44354398,0.96,1.67,0.64,4.5,,,,,,,,,,,,,,,,10/4/2026
R.J. Mosley,CPT,ARIZ,Showdown Captain Mode,10/3/2026,Showdown Captain Mode Showdown Captain Mode 10/3 11:00PM (CINCY @ ARIZ),1500,44354265,0.9,1.62,0.6,4.5,,,,,,,,,,,,,,,,10/3/2026
Jase Nix,CPT,SJSU,Showdown Captain Mode,10/4/2026,Showdown Captain Mode Showdown Captain Mode 10/4 12:00AM (SJSU @ HAW),1500,44354421,0.78,1.52,0.52,4.5,,,,,,,,,,,,,,,,10/4/2026
Dominique McKenzie,CPT,SJSU,Showdown Captain Mode,10/4/2026,Showdown Captain Mode Showdown Captain Mode 10/4 12:00AM (SJSU @ HAW),1500,44354404,0.72,1.48,0.48,4.5,,,,,,,,,,,,,,,,10/4/2026
Josiah Fetui,WR,HAW,Showdown Captain Mode,10/4/2026,Showdown Captain Mode Showdown Captain Mode 10/4 12:00AM (SJSU @ HAW),1000,44354327,0.96,1.37,0.96,3,,,,,,,,,,,,,,,,10/4/2026
R.J. Mosley,WR,ARIZ,Showdown Captain Mode,10/3/2026,Showdown Captain Mode Showdown Captain Mode 10/3 11:00PM (CINCY @ ARIZ),1000,44354192,0.9,1.32,0.9,3,,,,,,,,,,,,,,,,10/3/2026
Jase Nix,WR,SJSU,Showdown Captain Mode,10/4/2026,Showdown Captain Mode Showdown Captain Mode 10/4 12:00AM (SJSU @ HAW),1000,44354350,0.78,1.22,0.78,3,,,,,,,,,,,,,,,,10/4/2026
Dominique McKenzie,WR,SJSU,Showdown Captain Mode,10/4/2026,Showdown Captain Mode Showdown Captain Mode 10/4 12:00AM (SJSU @ HAW),1000,44354333,0.72,1.18,0.72,3,,,,,,,,,,,,,,,,10/4/2026
Cornelius Warren III,CPT,ARIZ,Showdown Captain Mode,10/3/2026,Showdown Captain Mode Showdown Captain Mode 10/3 11:00PM (CINCY @ ARIZ),1500,44354250,0,0.9,0,4.5,,,,,,,,,,,,,,,,10/3/2026
James Lewis,CPT,CINCY,Showdown Captain Mode,10/3/2026,Showdown Captain Mode Showdown Captain Mode 10/3 11:00PM (CINCY @ ARIZ),1500,44354251,0,0.9,0,4.5,,,,,,,,,,,,,,,,10/3/2026
Lohgan Bottjer,CPT,ARIZ,Showdown Captain Mode,10/3/2026,Showdown Captain Mode Showdown Captain Mode 10/3 11:00PM (CINCY @ ARIZ),1500,44354252,0,0.9,0,4.5,,,,,,,,,,,,,,,,10/3/2026
Jayzon Thompson,CPT,CINCY,Showdown Captain Mode,10/3/2026,Showdown Captain Mode Showdown Captain Mode 10/3 11:00PM (CINCY @ ARIZ),1500,44354254,0,0.9,0,4.5,,,,,,,,,,,,,,,,10/3/2026
Anthony Wilhite,CPT,ARIZ,Showdown Captain Mode,10/3/2026,Showdown Captain Mode Showdown Captain Mode 10/3 11:00PM (CINCY @ ARIZ),1500,44354255,0,0.9,0,4.5,,,,,,,,,,,,,,,,10/3/2026
Ka'Maurri Smith,CPT,CINCY,Showdown Captain Mode,10/3/2026,Showdown Captain Mode Showdown Captain Mode 10/3 11:00PM (CINCY @ ARIZ),1500,44354256,0,0.9,0,4.5,,,,,,,,,,,,,,,,10/3/2026
Taizaun Burns,CPT,CINCY,Showdown Captain Mode,10/3/2026,Showdown Captain Mode Showdown Captain Mode 10/3 11:00PM (CINCY @ ARIZ),1500,44354258,0,0.9,0,4.5,,,,,,,,,,,,,,,,10/3/2026
H'eij Jackson,CPT,CINCY,Showdown Captain Mode,10/3/2026,Showdown Captain Mode Showdown Captain Mode 10/3 11:00PM (CINCY @ ARIZ),1500,44354259,0,0.9,0,4.5,,,,,,,,,,,,,,,,10/3/2026
Christian Moulton,CPT,CINCY,Showdown Captain Mode,10/3/2026,Showdown Captain Mode Showdown Captain Mode 10/3 11:00PM (CINCY @ ARIZ),1500,44354260,0,0.9,0,4.5,,,,,,,,,,,,,,,,10/3/2026
Dadrien Waller,CPT,CINCY,Showdown Captain Mode,10/3/2026,Showdown Captain Mode Showdown Captain Mode 10/3 11:00PM (CINCY @ ARIZ),1500,44354261,0,0.9,0,4.5,,,,,,,,,,,,,,,,10/3/2026
Elijah Jones,CPT,CINCY,Showdown Captain Mode,10/3/2026,Showdown Captain Mode Showdown Captain Mode 10/3 11:00PM (CINCY @ ARIZ),1500,44354262,0,0.9,0,4.5,,,,,,,,,,,,,,,,10/3/2026
Flynn Schiele,CPT,CINCY,Showdown Captain Mode,10/3/2026,Showdown Captain Mode Showdown Captain Mode 10/3 11:00PM (CINCY @ ARIZ),1500,44354263,0,0.9,0,4.5,,,,,,,,,,,,,,,,10/3/2026
Arthur Ban,CPT,ARIZ,Showdown Captain Mode,10/3/2026,Showdown Captain Mode Showdown Captain Mode 10/3 11:00PM (CINCY @ ARIZ),1500,44354264,0,0.9,0,4.5,,,,,,,,,,,,,,,,10/3/2026
Henry Gabalis,CPT,ARIZ,Showdown Captain Mode,10/3/2026,Showdown Captain Mode Showdown Captain Mode 10/3 11:00PM (CINCY @ ARIZ),1500,44354266,0,0.9,0,4.5,,,,,,,,,,,,,,,,10/3/2026
Gavin Gregory,CPT,CINCY,Showdown Captain Mode,10/3/2026,Showdown Captain Mode Showdown Captain Mode 10/3 11:00PM (CINCY @ ARIZ),1500,44354267,0,0.9,0,4.5,,,,,,,,,,,,,,,,10/3/2026
Scotty Brennan,CPT,ARIZ,Showdown Captain Mode,10/3/2026,Showdown Captain Mode Showdown Captain Mode 10/3 11:00PM (CINCY @ ARIZ),1500,44354270,0,0.9,0,4.5,,,,,,,,,,,,,,,,10/3/2026
Jalen Williams,CPT,CINCY,Showdown Captain Mode,10/3/2026,Showdown Captain Mode Showdown Captain Mode 10/3 11:00PM (CINCY @ ARIZ),1500,44354271,0,0.9,0,4.5,,,,,,,,,,,,,,,,10/3/2026
Lachlan Teissier,CPT,ARIZ,Showdown Captain Mode,10/3/2026,Showdown Captain Mode Showdown Captain Mode 10/3 11:00PM (CINCY @ ARIZ),1500,44354272,0,0.9,0,4.5,,,,,,,,,,,,,,,,10/3/2026
Kellan Ford,CPT,ARIZ,Showdown Captain Mode,10/3/2026,Showdown Captain Mode Showdown Captain Mode 10/3 11:00PM (CINCY @ ARIZ),1500,44354273,0,0.9,0,4.5,,,,,,,,,,,,,,,,10/3/2026
DaMari Witherspoon,CPT,CINCY,Showdown Captain Mode,10/3/2026,Showdown Captain Mode Showdown Captain Mode 10/3 11:00PM (CINCY @ ARIZ),1500,44354274,0,0.9,0,4.5,,,,,,,,,,,,,,,,10/3/2026
Kellen Davis,CPT,CINCY,Showdown Captain Mode,10/3/2026,Showdown Captain Mode Showdown Captain Mode 10/3 11:00PM (CINCY @ ARIZ),1500,44354275,0,0.9,0,4.5,,,,,,,,,,,,,,,,10/3/2026
Pierce Ayers,CPT,CINCY,Showdown Captain Mode,10/3/2026,Showdown Captain Mode Showdown Captain Mode 10/3 11:00PM (CINCY @ ARIZ),1500,44354276,0,0.9,0,4.5,,,,,,,,,,,,,,,,10/3/2026
Jordan McCord III,CPT,ARIZ,Showdown Captain Mode,10/3/2026,Showdown Captain Mode Showdown Captain Mode 10/3 11:00PM (CINCY @ ARIZ),1500,44354277,0,0.9,0,4.5,,,,,,,,,,,,,,,,10/3/2026
Landon Kelsey,CPT,ARIZ,Showdown Captain Mode,10/3/2026,Showdown Captain Mode Showdown Captain Mode 10/3 11:00PM (CINCY @ ARIZ),1500,44354278,0,0.9,0,4.5,,,,,,,,,,,,,,,,10/3/2026
Tyler Mustain,CPT,ARIZ,Showdown Captain Mode,10/3/2026,Showdown Captain Mode Showdown Captain Mode 10/3 11:00PM (CINCY @ ARIZ),1500,44354279,0,0.9,0,4.5,,,,,,,,,,,,,,,,10/3/2026
Joshua Smith,CPT,CINCY,Showdown Captain Mode,10/3/2026,Showdown Captain Mode Showdown Captain Mode 10/3 11:00PM (CINCY @ ARIZ),1500,44354280,0,0.9,0,4.5,,,,,,,,,,,,,,,,10/3/2026
Ryan Taleb,CPT,CINCY,Showdown Captain Mode,10/3/2026,Showdown Captain Mode Showdown Captain Mode 10/3 11:00PM (CINCY @ ARIZ),1500,44354281,0,0.9,0,4.5,,,,,,,,,,,,,,,,10/3/2026
Aaron Cox Jr.,CPT,SJSU,Showdown Captain Mode,10/4/2026,Showdown Captain Mode Showdown Captain Mode 10/4 12:00AM (SJSU @ HAW),1500,44354391,0,0.9,0,4.5,,,,,,,,,,,,,,,,10/4/2026
James Steffany-Fiame,CPT,HAW,Showdown Captain Mode,10/4/2026,Showdown Captain Mode Showdown Captain Mode 10/4 12:00AM (SJSU @ HAW),1500,44354392,0,0.9,0,4.5,,,,,,,,,,,,,,,,10/4/2026
Courshawn Hill,CPT,SJSU,Showdown Captain Mode,10/4/2026,Showdown Captain Mode Showdown Captain Mode 10/4 12:00AM (SJSU @ HAW),1500,44354393,0,0.9,0,4.5,,,,,,,,,,,,,,,,10/4/2026
Sir Autry,CPT,SJSU,Showdown Captain Mode,10/4/2026,Showdown Captain Mode Showdown Captain Mode 10/4 12:00AM (SJSU @ HAW),1500,44354394,0,0.9,0,4.5,,,,,,,,,,,,,,,,10/4/2026
TJ Fo'ilefutu,CPT,HAW,Showdown Captain Mode,10/4/2026,Showdown Captain Mode Showdown Captain Mode 10/4 12:00AM (SJSU @ HAW),1500,44354395,0,0.9,0,4.5,,,,,,,,,,,,,,,,10/4/2026
Noah Bartley,CPT,HAW,Showdown Captain Mode,10/4/2026,Showdown Captain Mode Showdown Captain Mode 10/4 12:00AM (SJSU @ HAW),1500,44354396,0,0.9,0,4.5,,,,,,,,,,,,,,,,10/4/2026
Jeremiah Fung,CPT,SJSU,Showdown Captain Mode,10/4/2026,Showdown Captain Mode Showdown Captain Mode 10/4 12:00AM (SJSU @ HAW),1500,44354397,0,0.9,0,4.5,,,,,,,,,,,,,,,,10/4/2026
Nick Delgadillo,CPT,HAW,Showdown Captain Mode,10/4/2026,Showdown Captain Mode Showdown Captain Mode 10/4 12:00AM (SJSU @ HAW),1500,44354399,0,0.9,0,4.5,,,,,,,,,,,,,,,,10/4/2026
Jarvis Heimuli,CPT,HAW,Showdown Captain Mode,10/4/2026,Showdown Captain Mode Showdown Captain Mode 10/4 12:00AM (SJSU @ HAW),1500,44354400,0,0.9,0,4.5,,,,,,,,,,,,,,,,10/4/2026
Max Friedman,CPT,SJSU,Showdown Captain Mode,10/4/2026,Showdown Captain Mode Showdown Captain Mode 10/4 12:00AM (SJSU @ HAW),1500,44354401,0,0.9,0,4.5,,,,,,,,,,,,,,,,10/4/2026
Trace Hernandez,CPT,SJSU,Showdown Captain Mode,10/4/2026,Showdown Captain Mode Showdown Captain Mode 10/4 12:00AM (SJSU @ HAW),1500,44354402,0,0.9,0,4.5,,,,,,,,,,,,,,,,10/4/2026
Parris Vernon Jr.,CPT,SJSU,Showdown Captain Mode,10/4/2026,Showdown Captain Mode Showdown Captain Mode 10/4 12:00AM (SJSU @ HAW),1500,44354403,0,0.9,0,4.5,,,,,,,,,,,,,,,,10/4/2026
Tama Amisone,CPT,SJSU,Showdown Captain Mode,10/4/2026,Showdown Captain Mode Showdown Captain Mode 10/4 12:00AM (SJSU @ HAW),1500,44354405,0,0.9,0,4.5,,,,,,,,,,,,,,,,10/4/2026
Robert Haynes IV,CPT,HAW,Showdown Captain Mode,10/4/2026,Showdown Captain Mode Showdown Captain Mode 10/4 12:00AM (SJSU @ HAW),1500,44354406,0,0.9,0,4.5,,,,,,,,,,,,,,,,10/4/2026
Koa Eldredge,CPT,HAW,Showdown Captain Mode,10/4/2026,Showdown Captain Mode Showdown Captain Mode 10/4 12:00AM (SJSU @ HAW),1500,44354407,0,0.9,0,4.5,,,,,,,,,,,,,,,,10/4/2026
Ryker Ruelas,CPT,SJSU,Showdown Captain Mode,10/4/2026,Showdown Captain Mode Showdown Captain Mode 10/4 12:00AM (SJSU @ HAW),1500,44354408,0,0.9,0,4.5,,,,,,,,,,,,,,,,10/4/2026
Oakie Salave'a,CPT,HAW,Showdown Captain Mode,10/4/2026,Showdown Captain Mode Showdown Captain Mode 10/4 12:00AM (SJSU @ HAW),1500,44354410,0,0.9,0,4.5,,,,,,,,,,,,,,,,10/4/2026
Shane Kiley,CPT,SJSU,Showdown Captain Mode,10/4/2026,Showdown Captain Mode Showdown Captain Mode 10/4 12:00AM (SJSU @ HAW),1500,44354411,0,0.9,0,4.5,,,,,,,,,,,,,,,,10/4/2026
Cody Hall,CPT,SJSU,Showdown Captain Mode,10/4/2026,Showdown Captain Mode Showdown Captain Mode 10/4 12:00AM (SJSU @ HAW),1500,44354412,0,0.9,0,4.5,,,,,,,,,,,,,,,,10/4/2026
Brandon Gaea,CPT,HAW,Showdown Captain Mode,10/4/2026,Showdown Captain Mode Showdown Captain Mode 10/4 12:00AM (SJSU @ HAW),1500,44354414,0,0.9,0,4.5,,,,,,,,,,,,,,,,10/4/2026
Devin Olmande,CPT,SJSU,Showdown Captain Mode,10/4/2026,Showdown Captain Mode Showdown Captain Mode 10/4 12:00AM (SJSU @ HAW),1500,44354415,0,0.9,0,4.5,,,,,,,,,,,,,,,,10/4/2026
Ryan Boultwood,CPT,SJSU,Showdown Captain Mode,10/4/2026,Showdown Captain Mode Showdown Captain Mode 10/4 12:00AM (SJSU @ HAW),1500,44354416,0,0.9,0,4.5,,,,,,,,,,,,,,,,10/4/2026
Andrew Price,CPT,HAW,Showdown Captain Mode,10/4/2026,Showdown Captain Mode Showdown Captain Mode 10/4 12:00AM (SJSU @ HAW),1500,44354417,0,0.9,0,4.5,,,,,,,,,,,,,,,,10/4/2026
Dillon Booth,CPT,HAW,Showdown Captain Mode,10/4/2026,Showdown Captain Mode Showdown Captain Mode 10/4 12:00AM (SJSU @ HAW),1500,44354418,0,0.9,0,4.5,,,,,,,,,,,,,,,,10/4/2026
Anthony Hickman,CPT,HAW,Showdown Captain Mode,10/4/2026,Showdown Captain Mode Showdown Captain Mode 10/4 12:00AM (SJSU @ HAW),1500,44354419,0,0.9,0,4.5,,,,,,,,,,,,,,,,10/4/2026
Matthew Bailiff,CPT,HAW,Showdown Captain Mode,10/4/2026,Showdown Captain Mode Showdown Captain Mode 10/4 12:00AM (SJSU @ HAW),1500,44354420,0,0.9,0,4.5,,,,,,,,,,,,,,,,10/4/2026
Micah Kaonohi-Kaihenui,CPT,HAW,Showdown Captain Mode,10/4/2026,Showdown Captain Mode Showdown Captain Mode 10/4 12:00AM (SJSU @ HAW),1500,44354422,0,0.9,0,4.5,,,,,,,,,,,,,,,,10/4/2026
Braiden Bachich-Dixon,CPT,SJSU,Showdown Captain Mode,10/4/2026,Showdown Captain Mode Showdown Captain Mode 10/4 12:00AM (SJSU @ HAW),1500,44354423,0,0.9,0,4.5,,,,,,,,,,,,,,,,10/4/2026
Cornelius Warren III,RB,ARIZ,Showdown Captain Mode,10/3/2026,Showdown Captain Mode Showdown Captain Mode 10/3 11:00PM (CINCY @ ARIZ),1000,44354177,0,0.6,0,3,,,,,,,,,,,,,,,,10/3/2026
James Lewis,RB,CINCY,Showdown Captain Mode,10/3/2026,Showdown Captain Mode Showdown Captain Mode 10/3 11:00PM (CINCY @ ARIZ),1000,44354178,0,0.6,0,3,,,,,,,,,,,,,,,,10/3/2026
Lohgan Bottjer,RB,ARIZ,Showdown Captain Mode,10/3/2026,Showdown Captain Mode Showdown Captain Mode 10/3 11:00PM (CINCY @ ARIZ),1000,44354179,0,0.6,0,3,,,,,,,,,,,,,,,,10/3/2026
Jayzon Thompson,RB,CINCY,Showdown Captain Mode,10/3/2026,Showdown Captain Mode Showdown Captain Mode 10/3 11:00PM (CINCY @ ARIZ),1000,44354181,0,0.6,0,3,,,,,,,,,,,,,,,,10/3/2026
Anthony Wilhite,RB,ARIZ,Showdown Captain Mode,10/3/2026,Showdown Captain Mode Showdown Captain Mode 10/3 11:00PM (CINCY @ ARIZ),1000,44354182,0,0.6,0,3,,,,,,,,,,,,,,,,10/3/2026
Ka'Maurri Smith,WR,CINCY,Showdown Captain Mode,10/3/2026,Showdown Captain Mode Showdown Captain Mode 10/3 11:00PM (CINCY @ ARIZ),1000,44354183,0,0.6,0,3,,,,,,,,,,,,,,,,10/3/2026
Taizaun Burns,WR,CINCY,Showdown Captain Mode,10/3/2026,Showdown Captain Mode Showdown Captain Mode 10/3 11:00PM (CINCY @ ARIZ),1000,44354185,0,0.6,0,3,,,,,,,,,,,,,,,,10/3/2026
H'eij Jackson,WR,CINCY,Showdown Captain Mode,10/3/2026,Showdown Captain Mode Showdown Captain Mode 10/3 11:00PM (CINCY @ ARIZ),1000,44354186,0,0.6,0,3,,,,,,,,,,,,,,,,10/3/2026
Christian Moulton,WR,CINCY,Showdown Captain Mode,10/3/2026,Showdown Captain Mode Showdown Captain Mode 10/3 11:00PM (CINCY @ ARIZ),1000,44354187,0,0.6,0,3,,,,,,,,,,,,,,,,10/3/2026
Dadrien Waller,WR,CINCY,Showdown Captain Mode,10/3/2026,Showdown Captain Mode Showdown Captain Mode 10/3 11:00PM (CINCY @ ARIZ),1000,44354188,0,0.6,0,3,,,,,,,,,,,,,,,,10/3/2026
Elijah Jones,WR,CINCY,Showdown Captain Mode,10/3/2026,Showdown Captain Mode Showdown Captain Mode 10/3 11:00PM (CINCY @ ARIZ),1000,44354189,0,0.6,0,3,,,,,,,,,,,,,,,,10/3/2026
Flynn Schiele,WR,CINCY,Showdown Captain Mode,10/3/2026,Showdown Captain Mode Showdown Captain Mode 10/3 11:00PM (CINCY @ ARIZ),1000,44354190,0,0.6,0,3,,,,,,,,,,,,,,,,10/3/2026
Arthur Ban,WR,ARIZ,Showdown Captain Mode,10/3/2026,Showdown Captain Mode Showdown Captain Mode 10/3 11:00PM (CINCY @ ARIZ),1000,44354191,0,0.6,0,3,,,,,,,,,,,,,,,,10/3/2026
Henry Gabalis,WR,ARIZ,Showdown Captain Mode,10/3/2026,Showdown Captain Mode Showdown Captain Mode 10/3 11:00PM (CINCY @ ARIZ),1000,44354193,0,0.6,0,3,,,,,,,,,,,,,,,,10/3/2026
Gavin Gregory,WR,CINCY,Showdown Captain Mode,10/3/2026,Showdown Captain Mode Showdown Captain Mode 10/3 11:00PM (CINCY @ ARIZ),1000,44354194,0,0.6,0,3,,,,,,,,,,,,,,,,10/3/2026
Scotty Brennan,WR,ARIZ,Showdown Captain Mode,10/3/2026,Showdown Captain Mode Showdown Captain Mode 10/3 11:00PM (CINCY @ ARIZ),1000,44354197,0,0.6,0,3,,,,,,,,,,,,,,,,10/3/2026
Jalen Williams,WR,CINCY,Showdown Captain Mode,10/3/2026,Showdown Captain Mode Showdown Captain Mode 10/3 11:00PM (CINCY @ ARIZ),1000,44354198,0,0.6,0,3,,,,,,,,,,,,,,,,10/3/2026
Lachlan Teissier,WR,ARIZ,Showdown Captain Mode,10/3/2026,Showdown Captain Mode Showdown Captain Mode 10/3 11:00PM (CINCY @ ARIZ),1000,44354199,0,0.6,0,3,,,,,,,,,,,,,,,,10/3/2026
Kellan Ford,WR,ARIZ,Showdown Captain Mode,10/3/2026,Showdown Captain Mode Showdown Captain Mode 10/3 11:00PM (CINCY @ ARIZ),1000,44354200,0,0.6,0,3,,,,,,,,,,,,,,,,10/3/2026
DaMari Witherspoon,WR,CINCY,Showdown Captain Mode,10/3/2026,Showdown Captain Mode Showdown Captain Mode 10/3 11:00PM (CINCY @ ARIZ),1000,44354201,0,0.6,0,3,,,,,,,,,,,,,,,,10/3/2026
Kellen Davis,WR,CINCY,Showdown Captain Mode,10/3/2026,Showdown Captain Mode Showdown Captain Mode 10/3 11:00PM (CINCY @ ARIZ),1000,44354202,0,0.6,0,3,,,,,,,,,,,,,,,,10/3/2026
Pierce Ayers,WR,CINCY,Showdown Captain Mode,10/3/2026,Showdown Captain Mode Showdown Captain Mode 10/3 11:00PM (CINCY @ ARIZ),1000,44354203,0,0.6,0,3,,,,,,,,,,,,,,,,10/3/2026
Jordan McCord III,WR,ARIZ,Showdown Captain Mode,10/3/2026,Showdown Captain Mode Showdown Captain Mode 10/3 11:00PM (CINCY @ ARIZ),1000,44354204,0,0.6,0,3,,,,,,,,,,,,,,,,10/3/2026
Landon Kelsey,WR,ARIZ,Showdown Captain Mode,10/3/2026,Showdown Captain Mode Showdown Captain Mode 10/3 11:00PM (CINCY @ ARIZ),1000,44354205,0,0.6,0,3,,,,,,,,,,,,,,,,10/3/2026
Tyler Mustain,WR,ARIZ,Showdown Captain Mode,10/3/2026,Showdown Captain Mode Showdown Captain Mode 10/3 11:00PM (CINCY @ ARIZ),1000,44354206,0,0.6,0,3,,,,,,,,,,,,,,,,10/3/2026
Joshua Smith,WR,CINCY,Showdown Captain Mode,10/3/2026,Showdown Captain Mode Showdown Captain Mode 10/3 11:00PM (CINCY @ ARIZ),1000,44354207,0,0.6,0,3,,,,,,,,,,,,,,,,10/3/2026
Ryan Taleb,WR,CINCY,Showdown Captain Mode,10/3/2026,Showdown Captain Mode Showdown Captain Mode 10/3 11:00PM (CINCY @ ARIZ),1000,44354208,0,0.6,0,3,,,,,,,,,,,,,,,,10/3/2026
Aaron Cox Jr.,RB,SJSU,Showdown Captain Mode,10/4/2026,Showdown Captain Mode Showdown Captain Mode 10/4 12:00AM (SJSU @ HAW),1000,44354320,0,0.6,0,3,,,,,,,,,,,,,,,,10/4/2026
James Steffany-Fiame,RB,HAW,Showdown Captain Mode,10/4/2026,Showdown Captain Mode Showdown Captain Mode 10/4 12:00AM (SJSU @ HAW),1000,44354321,0,0.6,0,3,,,,,,,,,,,,,,,,10/4/2026
Courshawn Hill,RB,SJSU,Showdown Captain Mode,10/4/2026,Showdown Captain Mode Showdown Captain Mode 10/4 12:00AM (SJSU @ HAW),1000,44354322,0,0.6,0,3,,,,,,,,,,,,,,,,10/4/2026
Sir Autry,RB,SJSU,Showdown Captain Mode,10/4/2026,Showdown Captain Mode Showdown Captain Mode 10/4 12:00AM (SJSU @ HAW),1000,44354323,0,0.6,0,3,,,,,,,,,,,,,,,,10/4/2026
TJ Fo'ilefutu,RB,HAW,Showdown Captain Mode,10/4/2026,Showdown Captain Mode Showdown Captain Mode 10/4 12:00AM (SJSU @ HAW),1000,44354324,0,0.6,0,3,,,,,,,,,,,,,,,,10/4/2026
Noah Bartley,RB,HAW,Showdown Captain Mode,10/4/2026,Showdown Captain Mode Showdown Captain Mode 10/4 12:00AM (SJSU @ HAW),1000,44354325,0,0.6,0,3,,,,,,,,,,,,,,,,10/4/2026
Jeremiah Fung,WR,SJSU,Showdown Captain Mode,10/4/2026,Showdown Captain Mode Showdown Captain Mode 10/4 12:00AM (SJSU @ HAW),1000,44354326,0,0.6,0,3,,,,,,,,,,,,,,,,10/4/2026
Nick Delgadillo,WR,HAW,Showdown Captain Mode,10/4/2026,Showdown Captain Mode Showdown Captain Mode 10/4 12:00AM (SJSU @ HAW),1000,44354328,0,0.6,0,3,,,,,,,,,,,,,,,,10/4/2026
Jarvis Heimuli,WR,HAW,Showdown Captain Mode,10/4/2026,Showdown Captain Mode Showdown Captain Mode 10/4 12:00AM (SJSU @ HAW),1000,44354329,0,0.6,0,3,,,,,,,,,,,,,,,,10/4/2026
Max Friedman,WR,SJSU,Showdown Captain Mode,10/4/2026,Showdown Captain Mode Showdown Captain Mode 10/4 12:00AM (SJSU @ HAW),1000,44354330,0,0.6,0,3,,,,,,,,,,,,,,,,10/4/2026
Trace Hernandez,WR,SJSU,Showdown Captain Mode,10/4/2026,Showdown Captain Mode Showdown Captain Mode 10/4 12:00AM (SJSU @ HAW),1000,44354331,0,0.6,0,3,,,,,,,,,,,,,,,,10/4/2026
Parris Vernon Jr.,WR,SJSU,Showdown Captain Mode,10/4/2026,Showdown Captain Mode Showdown Captain Mode 10/4 12:00AM (SJSU @ HAW),1000,44354332,0,0.6,0,3,,,,,,,,,,,,,,,,10/4/2026
Tama Amisone,WR,SJSU,Showdown Captain Mode,10/4/2026,Showdown Captain Mode Showdown Captain Mode 10/4 12:00AM (SJSU @ HAW),1000,44354334,0,0.6,0,3,,,,,,,,,,,,,,,,10/4/2026
Robert Haynes IV,WR,HAW,Showdown Captain Mode,10/4/2026,Showdown Captain Mode Showdown Captain Mode 10/4 12:00AM (SJSU @ HAW),1000,44354335,0,0.6,0,3,,,,,,,,,,,,,,,,10/4/2026
Koa Eldredge,WR,HAW,Showdown Captain Mode,10/4/2026,Showdown Captain Mode Showdown Captain Mode 10/4 12:00AM (SJSU @ HAW),1000,44354336,0,0.6,0,3,,,,,,,,,,,,,,,,10/4/2026
Ryker Ruelas,WR,SJSU,Showdown Captain Mode,10/4/2026,Showdown Captain Mode Showdown Captain Mode 10/4 12:00AM (SJSU @ HAW),1000,44354337,0,0.6,0,3,,,,,,,,,,,,,,,,10/4/2026
Oakie Salave'a,WR,HAW,Showdown Captain Mode,10/4/2026,Showdown Captain Mode Showdown Captain Mode 10/4 12:00AM (SJSU @ HAW),1000,44354339,0,0.6,0,3,,,,,,,,,,,,,,,,10/4/2026
Shane Kiley,WR,SJSU,Showdown Captain Mode,10/4/2026,Showdown Captain Mode Showdown Captain Mode 10/4 12:00AM (SJSU @ HAW),1000,44354340,0,0.6,0,3,,,,,,,,,,,,,,,,10/4/2026
Cody Hall,WR,SJSU,Showdown Captain Mode,10/4/2026,Showdown Captain Mode Showdown Captain Mode 10/4 12:00AM (SJSU @ HAW),1000,44354341,0,0.6,0,3,,,,,,,,,,,,,,,,10/4/2026
Brandon Gaea,WR,HAW,Showdown Captain Mode,10/4/2026,Showdown Captain Mode Showdown Captain Mode 10/4 12:00AM (SJSU @ HAW),1000,44354343,0,0.6,0,3,,,,,,,,,,,,,,,,10/4/2026
Devin Olmande,WR,SJSU,Showdown Captain Mode,10/4/2026,Showdown Captain Mode Showdown Captain Mode 10/4 12:00AM (SJSU @ HAW),1000,44354344,0,0.6,0,3,,,,,,,,,,,,,,,,10/4/2026
Ryan Boultwood,WR,SJSU,Showdown Captain Mode,10/4/2026,Showdown Captain Mode Showdown Captain Mode 10/4 12:00AM (SJSU @ HAW),1000,44354345,0,0.6,0,3,,,,,,,,,,,,,,,,10/4/2026
Andrew Price,WR,HAW,Showdown Captain Mode,10/4/2026,Showdown Captain Mode Showdown Captain Mode 10/4 12:00AM (SJSU @ HAW),1000,44354346,0,0.6,0,3,,,,,,,,,,,,,,,,10/4/2026
Dillon Booth,WR,HAW,Showdown Captain Mode,10/4/2026,Showdown Captain Mode Showdown Captain Mode 10/4 12:00AM (SJSU @ HAW),1000,44354347,0,0.6,0,3,,,,,,,,,,,,,,,,10/4/2026
Anthony Hickman,WR,HAW,Showdown Captain Mode,10/4/2026,Showdown Captain Mode Showdown Captain Mode 10/4 12:00AM (SJSU @ HAW),1000,44354348,0,0.6,0,3,,,,,,,,,,,,,,,,10/4/2026
Matthew Bailiff,WR,HAW,Showdown Captain Mode,10/4/2026,Showdown Captain Mode Showdown Captain Mode 10/4 12:00AM (SJSU @ HAW),1000,44354349,0,0.6,0,3,,,,,,,,,,,,,,,,10/4/2026
Micah Kaonohi-Kaihenui,WR,HAW,Showdown Captain Mode,10/4/2026,Showdown Captain Mode Showdown Captain Mode 10/4 12:00AM (SJSU @ HAW),1000,44354351,0,0.6,0,3,,,,,,,,,,,,,,,,10/4/2026
Braiden Bachich-Dixon,WR,SJSU,Showdown Captain Mode,10/4/2026,Showdown Captain Mode Showdown Captain Mode 10/4 12:00AM (SJSU @ HAW),1000,44354352,0,0.6,0,3,,,,,,,,,,,,,,,,10/4/2026